etf,date,code,name,shares,weight
00403A,2026-05-20,2330,台積電,14000000.0,17.44
00403A,2026-05-20,2303,聯電,73400000.0,4.52
00403A,2026-05-20,3017,奇鋐,2920000.0,3.89
00403A,2026-05-20,3037,欣興,8300000.0,3.89
00403A,2026-05-20,2383,台光電,1350000.0,3.38
00403A,2026-05-20,2368,金像電,4160000.0,2.93
00403A,2026-05-20,3711,日月光投控,9940000.0,2.7
00403A,2026-05-20,2345,智邦,1880000.0,2.52
00403A,2026-05-20,2327,國巨*,7750000.0,2.3
00403A,2026-05-20,2308,台達電,1823000.0,1.99
00403A,2026-05-20,6669,緯穎,680000.0,1.9
00403A,2026-05-20,6223,旺矽,560000.0,1.81
00403A,2026-05-20,2344,華邦電,24600000.0,1.62
00403A,2026-05-20,8299,群聯,1163000.0,1.5
00403A,2026-05-20,3665,貿聯-KY,1285000.0,1.44
00403A,2026-05-20,5274,信驊,155000.0,1.37
00403A,2026-05-20,8046,南電,2655000.0,1.25
00403A,2026-05-20,4958,臻鼎-KY,4850000.0,1.21
00403A,2026-05-20,2337,旺宏,14232000.0,1.14
00403A,2026-05-20,3533,嘉澤,850000.0,1.14
00403A,2026-05-20,5347,世界,9911000.0,0.9
00403A,2026-05-20,3653,健策,430000.0,0.74
00403A,2026-05-20,2360,致茂,630000.0,0.74
00403A,2026-05-20,6515,穎崴,140000.0,0.72
00403A,2026-05-20,2882,國泰金,16001000.0,0.71
00403A,2026-05-20,7769,鴻勁,166000.0,0.66
00403A,2026-05-20,2313,華通,4300000.0,0.63
00403A,2026-05-20,6147,頎邦,4700000.0,0.58
00403A,2026-05-20,8996,高力,1000000.0,0.57
00403A,2026-05-20,3044,健鼎,2100000.0,0.55
00403A,2026-05-20,6442,光聖,520000.0,0.52
00403A,2026-05-20,3529,力旺,270000.0,0.52
00403A,2026-05-20,3443,創意,190000.0,0.5
00403A,2026-05-20,3081,聯亞,320000.0,0.47
00403A,2026-05-20,8358,金居,1700000.0,0.45
00403A,2026-05-20,3583,辛耘,900000.0,0.42
00403A,2026-05-20,8210,勤誠,553000.0,0.41
00403A,2026-05-20,6805,富世達,400000.0,0.39
00403A,2026-05-20,2891,中信金,11801000.0,0.39
00403A,2026-05-20,3036,文曄,2365000.0,0.38
00403A,2026-05-20,6274,台燿,551000.0,0.38
00403A,2026-05-20,4966,譜瑞-KY,784000.0,0.34
00403A,2026-05-20,3211,順達,1601000.0,0.32
00403A,2026-05-20,2454,聯發科,155000.0,0.29
00403A,2026-05-20,4979,華星光,860000.0,0.28
00403A,2026-05-20,3105,穩懋,957000.0,0.24
00403A,2026-05-20,2049,上銀,1010000.0,0.21
00403A,2026-05-20,2481,強茂,2510000.0,0.19
00403A,2026-05-20,1560,中砂,78000.0,0.03
00403A,2026-05-20,2455,全新,145000.0,0.03
00403A,2026-05-21,2330,台積電,14000000.0,17.09
00403A,2026-05-21,2303,聯電,75500000.0,4.79
00403A,2026-05-21,3017,奇鋐,3140000.0,4.29
00403A,2026-05-21,3037,欣興,8520000.0,4.22
00403A,2026-05-21,2383,台光電,1350000.0,3.46
00403A,2026-05-21,2368,金像電,4390000.0,3.09
00403A,2026-05-21,3711,日月光投控,9940000.0,2.77
00403A,2026-05-21,2345,智邦,1880000.0,2.55
00403A,2026-05-21,2327,國巨*,7801000.0,2.44
00403A,2026-05-21,6669,緯穎,725000.0,2.12
00403A,2026-05-21,2308,台達電,1823000.0,2.03
00403A,2026-05-21,6223,旺矽,560000.0,1.73
00403A,2026-05-21,2344,華邦電,27300000.0,1.7
00403A,2026-05-21,3665,貿聯-KY,1285000.0,1.52
00403A,2026-05-21,8299,群聯,1163000.0,1.49
00403A,2026-05-21,8046,南電,3100000.0,1.48
00403A,2026-05-21,4958,臻鼎-KY,5400000.0,1.39
00403A,2026-05-21,5274,信驊,155000.0,1.39
00403A,2026-05-21,3533,嘉澤,915000.0,1.26
00403A,2026-05-21,2337,旺宏,14232000.0,1.1
00403A,2026-05-21,5347,世界,9911000.0,0.89
00403A,2026-05-21,6515,穎崴,165000.0,0.86
00403A,2026-05-21,3653,健策,430000.0,0.78
00403A,2026-05-21,2360,致茂,630000.0,0.78
00403A,2026-05-21,7769,鴻勁,166000.0,0.7
00403A,2026-05-21,6442,光聖,680000.0,0.66
00403A,2026-05-21,3443,創意,223000.0,0.62
00403A,2026-05-21,3044,健鼎,2300000.0,0.61
00403A,2026-05-21,8996,高力,1040000.0,0.61
00403A,2026-05-21,6147,頎邦,5000000.0,0.61
00403A,2026-05-21,2313,華通,4300000.0,0.61
00403A,2026-05-21,3529,力旺,305000.0,0.59
00403A,2026-05-21,6805,富世達,500000.0,0.5
00403A,2026-05-21,8210,勤誠,680000.0,0.5
00403A,2026-05-21,8358,金居,1700000.0,0.46
00403A,2026-05-21,3081,聯亞,320000.0,0.45
00403A,2026-05-21,2454,聯發科,222000.0,0.43
00403A,2026-05-21,3583,辛耘,900000.0,0.42
00403A,2026-05-21,6274,台燿,551000.0,0.4
00403A,2026-05-21,3036,文曄,2365000.0,0.38
00403A,2026-05-21,4966,譜瑞-KY,784000.0,0.34
00403A,2026-05-21,3211,順達,1601000.0,0.31
00403A,2026-05-21,2882,國泰金,6985000.0,0.3
00403A,2026-05-21,4979,華星光,860000.0,0.28
00403A,2026-05-21,3105,穩懋,957000.0,0.25
00403A,2026-05-21,2049,上銀,1010000.0,0.21
00403A,2026-05-21,2481,強茂,2510000.0,0.18
00403A,2026-05-21,2455,全新,300000.0,0.06
00403A,2026-05-21,1560,中砂,78000.0,0.03
00403A,2026-05-21,6196,帆宣,110000.0,0.03
00403A,2026-05-22,2330,台積電,14000000.0,16.83
00403A,2026-05-22,3037,欣興,8960000.0,4.63
00403A,2026-05-22,2303,聯電,75500000.0,4.59
00403A,2026-05-22,3017,奇鋐,3250000.0,4.41
00403A,2026-05-22,2383,台光電,1350000.0,3.6
00403A,2026-05-22,3711,日月光投控,11165000.0,3.34
00403A,2026-05-22,2368,金像電,4530000.0,3.21
00403A,2026-05-22,2327,國巨*,8559000.0,2.87
00403A,2026-05-22,2345,智邦,1880000.0,2.48
00403A,2026-05-22,6669,緯穎,760000.0,2.24
00403A,2026-05-22,2308,台達電,1823000.0,2.04
00403A,2026-05-22,2344,華邦電,27300000.0,1.82
00403A,2026-05-22,6223,旺矽,560000.0,1.8
00403A,2026-05-22,8046,南電,3550000.0,1.77
00403A,2026-05-22,3665,貿聯-KY,1285000.0,1.52
00403A,2026-05-22,8299,群聯,1163000.0,1.51
00403A,2026-05-22,4958,臻鼎-KY,5492000.0,1.51
00403A,2026-05-22,5274,信驊,155000.0,1.47
00403A,2026-05-22,3533,嘉澤,1010000.0,1.38
00403A,2026-05-22,2454,聯發科,632000.0,1.3
00403A,2026-05-22,2337,旺宏,14232000.0,1.13
00403A,2026-05-22,2360,致茂,720000.0,0.87
00403A,2026-05-22,5347,世界,9911000.0,0.86
00403A,2026-05-22,3653,健策,430000.0,0.84
00403A,2026-05-22,3443,創意,285000.0,0.78
00403A,2026-05-22,6515,穎崴,165000.0,0.77
00403A,2026-05-22,6442,光聖,760000.0,0.76
00403A,2026-05-22,3529,力旺,350000.0,0.68
00403A,2026-05-22,7769,鴻勁,166000.0,0.68
00403A,2026-05-22,8996,高力,1070000.0,0.67
00403A,2026-05-22,3081,聯亞,460000.0,0.66
00403A,2026-05-22,2313,華通,4300000.0,0.64
00403A,2026-05-22,3044,健鼎,2300000.0,0.6
00403A,2026-05-22,6147,頎邦,5000000.0,0.57
00403A,2026-05-22,8210,勤誠,680000.0,0.49
00403A,2026-05-22,6805,富世達,500000.0,0.48
00403A,2026-05-22,8358,金居,1700000.0,0.47
00403A,2026-05-22,6274,台燿,551000.0,0.43
00403A,2026-05-22,3583,辛耘,900000.0,0.42
00403A,2026-05-22,3036,文曄,2365000.0,0.36
00403A,2026-05-22,3211,順達,1601000.0,0.33
00403A,2026-05-22,4966,譜瑞-KY,784000.0,0.33
00403A,2026-05-22,4979,華星光,860000.0,0.29
00403A,2026-05-22,3105,穩懋,957000.0,0.27
00403A,2026-05-22,2049,上銀,1010000.0,0.2
00403A,2026-05-22,2481,強茂,2510000.0,0.18
00403A,2026-05-22,6196,帆宣,410000.0,0.1
00403A,2026-05-22,2455,全新,300000.0,0.07
00403A,2026-05-22,1560,中砂,78000.0,0.03
00403A,2026-05-22,2882,國泰金,1000.0,0.0
00403A,2026-05-25,2330,台積電,14000000.0,16.71
00403A,2026-05-25,2303,聯電,75500000.0,4.88
00403A,2026-05-25,3037,欣興,8960000.0,4.58
00403A,2026-05-25,3017,奇鋐,3250000.0,4.33
00403A,2026-05-25,3711,日月光投控,12101000.0,3.86
00403A,2026-05-25,2383,台光電,1350000.0,3.84
00403A,2026-05-25,2368,金像電,4650000.0,3.42
00403A,2026-05-25,2327,國巨*,8760000.0,3.13
00403A,2026-05-25,2345,智邦,1950000.0,2.56
00403A,2026-05-25,6669,緯穎,760000.0,2.2
00403A,2026-05-25,2308,台達電,1823000.0,2.16
00403A,2026-05-25,2344,華邦電,29300000.0,1.95
00403A,2026-05-25,6223,旺矽,600000.0,1.92
00403A,2026-05-25,8046,南電,3550000.0,1.62
00403A,2026-05-25,3665,貿聯-KY,1285000.0,1.58
00403A,2026-05-25,4958,臻鼎-KY,5492000.0,1.5
00403A,2026-05-25,8299,群聯,1163000.0,1.49
00403A,2026-05-25,3533,嘉澤,1100000.0,1.47
00403A,2026-05-25,5274,信驊,155000.0,1.42
00403A,2026-05-25,2454,聯發科,632000.0,1.39
00403A,2026-05-25,2337,旺宏,14232000.0,1.12
00403A,2026-05-25,2360,致茂,795000.0,1.01
00403A,2026-05-25,3443,創意,330000.0,0.91
00403A,2026-05-25,3081,聯亞,590000.0,0.89
00403A,2026-05-25,6442,光聖,830000.0,0.88
00403A,2026-05-25,5347,世界,9911000.0,0.86
00403A,2026-05-25,3653,健策,430000.0,0.84
00403A,2026-05-25,3529,力旺,390000.0,0.75
00403A,2026-05-25,6515,穎崴,165000.0,0.75
00403A,2026-05-25,8996,高力,1130000.0,0.66
00403A,2026-05-25,2313,華通,4300000.0,0.66
00403A,2026-05-25,7769,鴻勁,166000.0,0.66
00403A,2026-05-25,6147,頎邦,5000000.0,0.61
00403A,2026-05-25,3044,健鼎,2300000.0,0.59
00403A,2026-05-25,8210,勤誠,680000.0,0.5
00403A,2026-05-25,8358,金居,1700000.0,0.48
00403A,2026-05-25,6274,台燿,551000.0,0.46
00403A,2026-05-25,6805,富世達,500000.0,0.45
00403A,2026-05-25,3583,辛耘,900000.0,0.43
00403A,2026-05-25,3036,文曄,2365000.0,0.37
00403A,2026-05-25,4966,譜瑞-KY,784000.0,0.33
00403A,2026-05-25,4979,華星光,860000.0,0.29
00403A,2026-05-25,3105,穩懋,957000.0,0.27
00403A,2026-05-25,2049,上銀,1010000.0,0.21
00403A,2026-05-25,2481,強茂,2510000.0,0.17
00403A,2026-05-25,6196,帆宣,410000.0,0.1
00403A,2026-05-25,2455,全新,450000.0,0.1
00403A,2026-05-25,1560,中砂,78000.0,0.03
00403A,2026-05-25,3211,順達,1000.0,0.0
00403A,2026-05-25,2882,國泰金,1000.0,0.0
00403A,2026-05-27,2330,台積電,14000000.0,16.42
00403A,2026-05-27,2303,聯電,79700000.0,5.83
00403A,2026-05-27,3037,欣興,8960000.0,4.93
00403A,2026-05-27,3017,奇鋐,3250000.0,4.47
00403A,2026-05-27,3711,日月光投控,12101000.0,3.96
00403A,2026-05-27,2383,台光電,1350000.0,3.65
00403A,2026-05-27,2368,金像電,4700000.0,3.3
00403A,2026-05-27,2327,國巨*,8760000.0,3.13
00403A,2026-05-27,2345,智邦,1950000.0,2.61
00403A,2026-05-27,2308,台達電,2010000.0,2.58
00403A,2026-05-27,2344,華邦電,30560000.0,2.42
00403A,2026-05-27,6223,旺矽,655000.0,2.13
00403A,2026-05-27,2454,聯發科,840000.0,1.99
00403A,2026-05-27,6669,緯穎,760000.0,1.97
00403A,2026-05-27,8046,南電,3550000.0,1.64
00403A,2026-05-27,3533,嘉澤,1160000.0,1.55
00403A,2026-05-27,4958,臻鼎-KY,5492000.0,1.49
00403A,2026-05-27,8299,群聯,1163000.0,1.47
00403A,2026-05-27,5274,信驊,155000.0,1.44
00403A,2026-05-27,3665,貿聯-KY,1285000.0,1.39
00403A,2026-05-27,3653,健策,670000.0,1.25
00403A,2026-05-27,2337,旺宏,15350000.0,1.22
00403A,2026-05-27,2360,致茂,840000.0,1.12
00403A,2026-05-27,3443,創意,400000.0,1.04
00403A,2026-05-27,3081,聯亞,680000.0,1.0
00403A,2026-05-27,6442,光聖,830000.0,0.86
00403A,2026-05-27,5347,世界,9911000.0,0.84
00403A,2026-05-27,6515,穎崴,165000.0,0.82
00403A,2026-05-27,8996,高力,1169000.0,0.72
00403A,2026-05-27,6147,頎邦,5000000.0,0.68
00403A,2026-05-27,6274,台燿,801000.0,0.67
00403A,2026-05-27,3529,力旺,390000.0,0.66
00403A,2026-05-27,7769,鴻勁,166000.0,0.66
00403A,2026-05-27,3044,健鼎,2300000.0,0.61
00403A,2026-05-27,8358,金居,1700000.0,0.49
00403A,2026-05-27,3189,景碩,1380000.0,0.49
00403A,2026-05-27,8210,勤誠,680000.0,0.48
00403A,2026-05-27,6488,環球晶,1000000.0,0.47
00403A,2026-05-27,6805,富世達,500000.0,0.44
00403A,2026-05-27,2313,華通,3000000.0,0.43
00403A,2026-05-27,3583,辛耘,900000.0,0.4
00403A,2026-05-27,4979,華星光,1200000.0,0.38
00403A,2026-05-27,4966,譜瑞-KY,784000.0,0.35
00403A,2026-05-27,3105,穩懋,957000.0,0.27
00403A,2026-05-27,3036,文曄,1500000.0,0.23
00403A,2026-05-27,6196,帆宣,870000.0,0.22
00403A,2026-05-27,2049,上銀,1010000.0,0.21
00403A,2026-05-27,2481,強茂,2510000.0,0.19
00403A,2026-05-27,2455,全新,450000.0,0.1
00403A,2026-05-27,1560,中砂,78000.0,0.03
00403A,2026-05-28,2330,台積電,14200000.0,17.06
00403A,2026-05-28,2303,聯電,79700000.0,5.92
00403A,2026-05-28,3037,欣興,8960000.0,4.81
00403A,2026-05-28,3017,奇鋐,3250000.0,4.39
00403A,2026-05-28,3711,日月光投控,12101000.0,3.97
00403A,2026-05-28,2383,台光電,1350000.0,3.57
00403A,2026-05-28,2327,國巨*,8760000.0,3.4
00403A,2026-05-28,2368,金像電,4700000.0,3.21
00403A,2026-05-28,2308,台達電,2010000.0,2.51
00403A,2026-05-28,2345,智邦,1950000.0,2.49
00403A,2026-05-28,2344,華邦電,31560000.0,2.38
00403A,2026-05-28,2454,聯發科,1000000.0,2.31
00403A,2026-05-28,6223,旺矽,655000.0,2.03
00403A,2026-05-28,6669,緯穎,760000.0,1.97
00403A,2026-05-28,8046,南電,3550000.0,1.58
00403A,2026-05-28,3533,嘉澤,1160000.0,1.51
00403A,2026-05-28,8299,群聯,1163000.0,1.49
00403A,2026-05-28,5274,信驊,155000.0,1.45
00403A,2026-05-28,3665,貿聯-KY,1285000.0,1.42
00403A,2026-05-28,3653,健策,770000.0,1.41
00403A,2026-05-28,4958,臻鼎-KY,5492000.0,1.4
00403A,2026-05-28,2337,旺宏,15350000.0,1.29
00403A,2026-05-28,2360,致茂,840000.0,1.13
00403A,2026-05-28,3443,創意,400000.0,0.96
00403A,2026-05-28,3081,聯亞,680000.0,0.94
00403A,2026-05-28,7769,鴻勁,219000.0,0.88
00403A,2026-05-28,5347,世界,9911000.0,0.84
00403A,2026-05-28,6442,光聖,830000.0,0.82
00403A,2026-05-28,6515,穎崴,165000.0,0.79
00403A,2026-05-28,6274,台燿,911000.0,0.73
00403A,2026-05-28,6147,頎邦,5000000.0,0.73
00403A,2026-05-28,3529,力旺,390000.0,0.71
00403A,2026-05-28,8996,高力,1169000.0,0.67
00403A,2026-05-28,6488,環球晶,1310000.0,0.64
00403A,2026-05-28,3044,健鼎,2300000.0,0.59
00403A,2026-05-28,8358,金居,1700000.0,0.49
00403A,2026-05-28,3189,景碩,1380000.0,0.49
00403A,2026-05-28,8210,勤誠,680000.0,0.47
00403A,2026-05-28,6805,富世達,500000.0,0.46
00403A,2026-05-28,3583,辛耘,900000.0,0.41
00403A,2026-05-28,4979,華星光,1200000.0,0.38
00403A,2026-05-28,4966,譜瑞-KY,784000.0,0.35
00403A,2026-05-28,3105,穩懋,957000.0,0.26
00403A,2026-05-28,6196,帆宣,870000.0,0.23
00403A,2026-05-28,3036,文曄,1500000.0,0.23
00403A,2026-05-28,2049,上銀,1010000.0,0.21
00403A,2026-05-28,2481,強茂,2510000.0,0.19
00403A,2026-05-28,2455,全新,450000.0,0.09
00403A,2026-05-28,1560,中砂,78000.0,0.03
00403A,2026-05-28,2313,華通,1000.0,0.0
00403A,2026-05-29,2330,台積電,14200000.0,17.19
00403A,2026-05-29,2303,聯電,79700000.0,5.92
00403A,2026-05-29,3037,欣興,8960000.0,4.86
00403A,2026-05-29,3017,奇鋐,3250000.0,4.45
00403A,2026-05-29,3711,日月光投控,12101000.0,3.8
00403A,2026-05-29,2383,台光電,1350000.0,3.55
00403A,2026-05-29,2327,國巨*,8760000.0,3.32
00403A,2026-05-29,2368,金像電,4700000.0,3.19
00403A,2026-05-29,2308,台達電,2250000.0,2.83
00403A,2026-05-29,2344,華邦電,33000000.0,2.68
00403A,2026-05-29,2345,智邦,1950000.0,2.44
00403A,2026-05-29,2454,聯發科,1000000.0,2.22
00403A,2026-05-29,6669,緯穎,790000.0,2.21
00403A,2026-05-29,6223,旺矽,655000.0,2.01
00403A,2026-05-29,3533,嘉澤,1160000.0,1.58
00403A,2026-05-29,8046,南電,3550000.0,1.55
00403A,2026-05-29,8299,群聯,1163000.0,1.54
00403A,2026-05-29,4958,臻鼎-KY,5492000.0,1.45
00403A,2026-05-29,3653,健策,770000.0,1.4
00403A,2026-05-29,3665,貿聯-KY,1285000.0,1.38
00403A,2026-05-29,2337,旺宏,15350000.0,1.31
00403A,2026-05-29,7769,鴻勁,279000.0,1.18
00403A,2026-05-29,2360,致茂,840000.0,1.09
00403A,2026-05-29,3443,創意,400000.0,0.96
00403A,2026-05-29,3081,聯亞,680000.0,0.91
00403A,2026-05-29,6274,台燿,1020000.0,0.89
00403A,2026-05-29,5274,信驊,90000.0,0.88
00403A,2026-05-29,5347,世界,9911000.0,0.86
00403A,2026-05-29,6442,光聖,830000.0,0.79
00403A,2026-05-29,6147,頎邦,5000000.0,0.79
00403A,2026-05-29,6488,環球晶,1497000.0,0.78
00403A,2026-05-29,6515,穎崴,165000.0,0.74
00403A,2026-05-29,3529,力旺,390000.0,0.68
00403A,2026-05-29,8996,高力,1169000.0,0.66
00403A,2026-05-29,3044,健鼎,2300000.0,0.62
00403A,2026-05-29,6805,富世達,570000.0,0.57
00403A,2026-05-29,8358,金居,1710000.0,0.53
00403A,2026-05-29,3189,景碩,1380000.0,0.52
00403A,2026-05-29,8210,勤誠,680000.0,0.48
00403A,2026-05-29,3583,辛耘,900000.0,0.4
00403A,2026-05-29,4979,華星光,1200000.0,0.38
00403A,2026-05-29,4966,譜瑞-KY,784000.0,0.34
00403A,2026-05-29,3105,穩懋,957000.0,0.26
00403A,2026-05-29,6196,帆宣,870000.0,0.23
00403A,2026-05-29,3036,文曄,1500000.0,0.22
00403A,2026-05-29,2481,強茂,2510000.0,0.21
00403A,2026-05-29,2049,上銀,1010000.0,0.2
00403A,2026-05-29,2455,全新,450000.0,0.1
00403A,2026-05-29,1560,中砂,78000.0,0.03
00403A,2026-05-29,2313,華通,1000.0,0.0
00403A,2026-06-01,2330,台積電,14200000.0,17.28
00403A,2026-06-01,2303,聯電,79700000.0,6.01
00403A,2026-06-01,3037,欣興,8960000.0,4.86
00403A,2026-06-01,3017,奇鋐,3250000.0,4.68
00403A,2026-06-01,3711,日月光投控,12101000.0,3.76
00403A,2026-06-01,2327,國巨*,8760000.0,3.58
00403A,2026-06-01,2383,台光電,1350000.0,3.54
00403A,2026-06-01,2368,金像電,4700000.0,3.22
00403A,2026-06-01,2344,華邦電,34000000.0,2.95
00403A,2026-06-01,2308,台達電,2250000.0,2.81
00403A,2026-06-01,2345,智邦,1950000.0,2.53
00403A,2026-06-01,2454,聯發科,1050000.0,2.47
00403A,2026-06-01,6669,緯穎,790000.0,2.25
00403A,2026-06-01,6223,旺矽,655000.0,1.92
00403A,2026-06-01,8299,群聯,1163000.0,1.66
00403A,2026-06-01,8046,南電,3550000.0,1.66
00403A,2026-06-01,3533,嘉澤,1160000.0,1.6
00403A,2026-06-01,4958,臻鼎-KY,5492000.0,1.56
00403A,2026-06-01,3653,健策,770000.0,1.53
00403A,2026-06-01,3665,貿聯-KY,1285000.0,1.41
00403A,2026-06-01,2337,旺宏,15350000.0,1.33
00403A,2026-06-01,2360,致茂,840000.0,1.12
00403A,2026-06-01,7769,鴻勁,279000.0,1.08
00403A,2026-06-01,3443,創意,430000.0,1.03
00403A,2026-06-01,3081,聯亞,680000.0,0.94
00403A,2026-06-01,5347,世界,9911000.0,0.92
00403A,2026-06-01,6274,台燿,1020000.0,0.9
00403A,2026-06-01,6442,光聖,830000.0,0.81
00403A,2026-06-01,6147,頎邦,5000000.0,0.74
00403A,2026-06-01,6515,穎崴,165000.0,0.74
00403A,2026-06-01,6488,環球晶,1497000.0,0.73
00403A,2026-06-01,3529,力旺,390000.0,0.66
00403A,2026-06-01,8996,高力,1169000.0,0.63
00403A,2026-06-01,6805,富世達,570000.0,0.62
00403A,2026-06-01,3044,健鼎,2300000.0,0.62
00403A,2026-06-01,8358,金居,1710000.0,0.59
00403A,2026-06-01,3189,景碩,1380000.0,0.55
00403A,2026-06-01,8210,勤誠,680000.0,0.49
00403A,2026-06-01,5274,信驊,50000.0,0.48
00403A,2026-06-01,4979,華星光,1200000.0,0.4
00403A,2026-06-01,4966,譜瑞-KY,900000.0,0.4
00403A,2026-06-01,3583,辛耘,900000.0,0.4
00403A,2026-06-01,3105,穩懋,957000.0,0.26
00403A,2026-06-01,6196,帆宣,870000.0,0.23
00403A,2026-06-01,2049,上銀,1010000.0,0.2
00403A,2026-06-01,2481,強茂,2510000.0,0.2
00403A,2026-06-01,2455,全新,450000.0,0.1
00403A,2026-06-01,1560,中砂,78000.0,0.03
00403A,2026-06-01,3036,文曄,1000.0,0.0
00403A,2026-06-01,2313,華通,1000.0,0.0
00403A,2026-06-02,2330,台積電,14200000.0,17.66
00403A,2026-06-02,2303,聯電,79700000.0,5.89
00403A,2026-06-02,3017,奇鋐,3250000.0,4.58
00403A,2026-06-02,3037,欣興,8960000.0,4.56
00403A,2026-06-02,2327,國巨*,8760000.0,3.87
00403A,2026-06-02,3711,日月光投控,12101000.0,3.73
00403A,2026-06-02,2383,台光電,1350000.0,3.43
00403A,2026-06-02,2344,華邦電,34800000.0,3.35
00403A,2026-06-02,2368,金像電,4700000.0,3.13
00403A,2026-06-02,2308,台達電,2250000.0,2.77
00403A,2026-06-02,2454,聯發科,1050000.0,2.48
00403A,2026-06-02,2345,智邦,1950000.0,2.47
00403A,2026-06-02,6669,緯穎,790000.0,2.26
00403A,2026-06-02,6223,旺矽,655000.0,1.89
00403A,2026-06-02,3653,健策,830000.0,1.73
00403A,2026-06-02,8299,群聯,1163000.0,1.71
00403A,2026-06-02,8046,南電,3550000.0,1.6
00403A,2026-06-02,3533,嘉澤,1160000.0,1.58
00403A,2026-06-02,2337,旺宏,16350000.0,1.5
00403A,2026-06-02,4958,臻鼎-KY,5492000.0,1.49
00403A,2026-06-02,3665,貿聯-KY,1150000.0,1.32
00403A,2026-06-02,2360,致茂,840000.0,1.06
00403A,2026-06-02,7769,鴻勁,279000.0,1.05
00403A,2026-06-02,3443,創意,430000.0,1.02
00403A,2026-06-02,3081,聯亞,680000.0,0.91
00403A,2026-06-02,5347,世界,9911000.0,0.89
00403A,2026-06-02,6274,台燿,1020000.0,0.85
00403A,2026-06-02,6442,光聖,830000.0,0.82
00403A,2026-06-02,6488,環球晶,1497000.0,0.74
00403A,2026-06-02,6147,頎邦,5000000.0,0.73
00403A,2026-06-02,3529,力旺,390000.0,0.72
00403A,2026-06-02,6515,穎崴,165000.0,0.7
00403A,2026-06-02,6805,富世達,570000.0,0.65
00403A,2026-06-02,8996,高力,1169000.0,0.64
00403A,2026-06-02,3044,健鼎,2300000.0,0.61
00403A,2026-06-02,8358,金居,1710000.0,0.56
00403A,2026-06-02,3189,景碩,1380000.0,0.54
00403A,2026-06-02,8210,勤誠,680000.0,0.49
00403A,2026-06-02,5274,信驊,50000.0,0.47
00403A,2026-06-02,3583,辛耘,900000.0,0.4
00403A,2026-06-02,4979,華星光,1200000.0,0.39
00403A,2026-06-02,4966,譜瑞-KY,900000.0,0.39
00403A,2026-06-02,3105,穩懋,957000.0,0.26
00403A,2026-06-02,6196,帆宣,870000.0,0.23
00403A,2026-06-02,2049,上銀,1010000.0,0.19
00403A,2026-06-02,2317,鴻海,1200000.0,0.19
00403A,2026-06-02,2455,全新,450000.0,0.09
00403A,2026-06-02,2481,強茂,1100000.0,0.08
00403A,2026-06-02,1560,中砂,78000.0,0.03
00403A,2026-06-02,3036,文曄,1000.0,0.0
00403A,2026-06-03,2330,台積電,14200000.0,17.98
00403A,2026-06-03,2303,聯電,79700000.0,5.43
00403A,2026-06-03,3017,奇鋐,3250000.0,4.84
00403A,2026-06-03,3037,欣興,8960000.0,4.68
00403A,2026-06-03,3711,日月光投控,12101000.0,3.9
00403A,2026-06-03,2327,國巨*,8760000.0,3.75
00403A,2026-06-03,2368,金像電,4700000.0,3.4
00403A,2026-06-03,2383,台光電,1350000.0,3.4
00403A,2026-06-03,2344,華邦電,36000000.0,3.34
00403A,2026-06-03,2308,台達電,2250000.0,2.88
00403A,2026-06-03,2345,智邦,2060000.0,2.78
00403A,2026-06-03,2454,聯發科,1050000.0,2.49
00403A,2026-06-03,6669,緯穎,790000.0,2.31
00403A,2026-06-03,6223,旺矽,710000.0,2.19
00403A,2026-06-03,3653,健策,830000.0,1.69
00403A,2026-06-03,8046,南電,3550000.0,1.68
00403A,2026-06-03,3533,嘉澤,1240000.0,1.66
00403A,2026-06-03,4958,臻鼎-KY,5492000.0,1.46
00403A,2026-06-03,3665,貿聯-KY,1150000.0,1.38
00403A,2026-06-03,2337,旺宏,16350000.0,1.38
00403A,2026-06-03,8299,群聯,930000.0,1.3
00403A,2026-06-03,2360,致茂,840000.0,1.12
00403A,2026-06-03,7769,鴻勁,279000.0,1.1
00403A,2026-06-03,6274,台燿,1200000.0,1.06
00403A,2026-06-03,3443,創意,430000.0,1.03
00403A,2026-06-03,3081,聯亞,680000.0,1.0
00403A,2026-06-03,6442,光聖,830000.0,0.89
00403A,2026-06-03,5347,世界,9911000.0,0.87
00403A,2026-06-03,6488,環球晶,1497000.0,0.74
00403A,2026-06-03,3529,力旺,390000.0,0.73
00403A,2026-06-03,6147,頎邦,5000000.0,0.72
00403A,2026-06-03,6515,穎崴,165000.0,0.71
00403A,2026-06-03,8996,高力,1169000.0,0.67
00403A,2026-06-03,6805,富世達,570000.0,0.62
00403A,2026-06-03,8358,金居,1710000.0,0.55
00403A,2026-06-03,3189,景碩,1380000.0,0.53
00403A,2026-06-03,8210,勤誠,680000.0,0.52
00403A,2026-06-03,2317,鴻海,3200000.0,0.52
00403A,2026-06-03,3044,健鼎,1800000.0,0.48
00403A,2026-06-03,5274,信驊,45000.0,0.42
00403A,2026-06-03,4979,華星光,1200000.0,0.4
00403A,2026-06-03,3583,辛耘,900000.0,0.4
00403A,2026-06-03,4966,譜瑞-KY,900000.0,0.38
00403A,2026-06-03,3105,穩懋,957000.0,0.26
00403A,2026-06-03,6196,帆宣,870000.0,0.23
00403A,2026-06-03,2049,上銀,1010000.0,0.19
00403A,2026-06-03,2455,全新,450000.0,0.1
00403A,2026-06-03,1303,南亞,1600000.0,0.09
00403A,2026-06-03,2481,強茂,1100000.0,0.09
00403A,2026-06-03,1560,中砂,78000.0,0.03
00403A,2026-06-04,2330,台積電,14200000.0,18.21
00403A,2026-06-04,3017,奇鋐,3250000.0,4.73
00403A,2026-06-04,3037,欣興,8960000.0,4.68
00403A,2026-06-04,2303,聯電,68000000.0,4.57
00403A,2026-06-04,3711,日月光投控,12101000.0,3.86
00403A,2026-06-04,2383,台光電,1350000.0,3.51
00403A,2026-06-04,2327,國巨*,8760000.0,3.5
00403A,2026-06-04,2344,華邦電,36000000.0,3.47
00403A,2026-06-04,2368,金像電,4700000.0,3.41
00403A,2026-06-04,2308,台達電,2250000.0,2.93
00403A,2026-06-04,2345,智邦,2060000.0,2.78
00403A,2026-06-04,2454,聯發科,1050000.0,2.5
00403A,2026-06-04,6223,旺矽,740000.0,2.41
00403A,2026-06-04,6669,緯穎,790000.0,2.37
00403A,2026-06-04,8046,南電,3550000.0,1.68
00403A,2026-06-04,3653,健策,830000.0,1.66
00403A,2026-06-04,3533,嘉澤,1240000.0,1.6
00403A,2026-06-04,4958,臻鼎-KY,5492000.0,1.45
00403A,2026-06-04,2337,旺宏,16350000.0,1.38
00403A,2026-06-04,3665,貿聯-KY,1090000.0,1.26
00403A,2026-06-04,2360,致茂,840000.0,1.18
00403A,2026-06-04,7769,鴻勁,279000.0,1.11
00403A,2026-06-04,6274,台燿,1200000.0,1.09
00403A,2026-06-04,3443,創意,430000.0,1.02
00403A,2026-06-04,3081,聯亞,720000.0,1.0
00403A,2026-06-04,8299,群聯,700000.0,0.97
00403A,2026-06-04,6442,光聖,830000.0,0.96
00403A,2026-06-04,5347,世界,9911000.0,0.87
00403A,2026-06-04,6515,穎崴,165000.0,0.77
00403A,2026-06-04,3529,力旺,390000.0,0.74
00403A,2026-06-04,6147,頎邦,5000000.0,0.73
00403A,2026-06-04,8996,高力,1169000.0,0.7
00403A,2026-06-04,6488,環球晶,1497000.0,0.7
00403A,2026-06-04,6805,富世達,570000.0,0.61
00403A,2026-06-04,8358,金居,1710000.0,0.52
00403A,2026-06-04,8210,勤誠,680000.0,0.52
00403A,2026-06-04,3189,景碩,1380000.0,0.51
00403A,2026-06-04,2317,鴻海,3200000.0,0.5
00403A,2026-06-04,5274,信驊,45000.0,0.44
00403A,2026-06-04,3583,辛耘,900000.0,0.42
00403A,2026-06-04,4979,華星光,1200000.0,0.38
00403A,2026-06-04,4966,譜瑞-KY,900000.0,0.37
00403A,2026-06-04,3044,健鼎,1000000.0,0.28
00403A,2026-06-04,3105,穩懋,957000.0,0.25
00403A,2026-06-04,6196,帆宣,870000.0,0.24
00403A,2026-06-04,1303,南亞,3600000.0,0.21
00403A,2026-06-04,2049,上銀,1010000.0,0.19
00403A,2026-06-04,2455,全新,450000.0,0.1
00403A,2026-06-04,2481,強茂,1100000.0,0.09
00403A,2026-06-04,1560,中砂,78000.0,0.03
00403A,2026-06-05,2330,台積電,14200000.0,18.4
00403A,2026-06-05,2303,聯電,68000000.0,4.9
00403A,2026-06-05,3017,奇鋐,3250000.0,4.63
00403A,2026-06-05,3037,欣興,8960000.0,4.58
00403A,2026-06-05,3711,日月光投控,12101000.0,3.83
00403A,2026-06-05,2327,國巨*,8760000.0,3.69
00403A,2026-06-05,2383,台光電,1350000.0,3.61
00403A,2026-06-05,2368,金像電,4700000.0,3.39
00403A,2026-06-05,2344,華邦電,36000000.0,3.19
00403A,2026-06-05,2308,台達電,2250000.0,2.83
00403A,2026-06-05,2345,智邦,2060000.0,2.81
00403A,2026-06-05,2454,聯發科,1050000.0,2.47
00403A,2026-06-05,6223,旺矽,780000.0,2.46
00403A,2026-06-05,6669,緯穎,790000.0,2.45
00403A,2026-06-05,3653,健策,830000.0,1.65
00403A,2026-06-05,3533,嘉澤,1240000.0,1.61
00403A,2026-06-05,4958,臻鼎-KY,5492000.0,1.52
00403A,2026-06-05,2337,旺宏,16350000.0,1.34
00403A,2026-06-05,3665,貿聯-KY,1090000.0,1.31
00403A,2026-06-05,2360,致茂,840000.0,1.18
00403A,2026-06-05,6274,台燿,1300000.0,1.15
00403A,2026-06-05,7769,鴻勁,279000.0,1.11
00403A,2026-06-05,3081,聯亞,720000.0,1.05
00403A,2026-06-05,3443,創意,430000.0,1.04
00403A,2026-06-05,6442,光聖,830000.0,0.93
00403A,2026-06-05,5347,世界,9911000.0,0.88
00403A,2026-06-05,6147,頎邦,5600000.0,0.83
00403A,2026-06-05,6515,穎崴,165000.0,0.76
00403A,2026-06-05,3529,力旺,390000.0,0.73
00403A,2026-06-05,8996,高力,1169000.0,0.72
00403A,2026-06-05,6488,環球晶,1497000.0,0.67
00403A,2026-06-05,6805,富世達,570000.0,0.61
00403A,2026-06-05,8358,金居,1710000.0,0.56
00403A,2026-06-05,3189,景碩,1380000.0,0.54
00403A,2026-06-05,8210,勤誠,680000.0,0.51
00403A,2026-06-05,8046,南電,1080000.0,0.5
00403A,2026-06-05,2317,鴻海,3200000.0,0.5
00403A,2026-06-05,8299,群聯,350000.0,0.47
00403A,2026-06-05,5274,信驊,45000.0,0.43
00403A,2026-06-05,3583,辛耘,900000.0,0.43
00403A,2026-06-05,4979,華星光,1200000.0,0.39
00403A,2026-06-05,4966,譜瑞-KY,900000.0,0.36
00403A,2026-06-05,3044,健鼎,1000000.0,0.27
00403A,2026-06-05,3105,穩懋,957000.0,0.25
00403A,2026-06-05,1303,南亞,4300000.0,0.25
00403A,2026-06-05,6196,帆宣,870000.0,0.24
00403A,2026-06-05,2049,上銀,1010000.0,0.19
00403A,2026-06-05,2455,全新,450000.0,0.1
00403A,2026-06-05,2481,強茂,1100000.0,0.1
00403A,2026-06-05,1560,中砂,78000.0,0.03
00403A,2026-06-08,2330,台積電,14200000.0,18.32
00403A,2026-06-08,3017,奇鋐,3250000.0,4.69
00403A,2026-06-08,2303,聯電,68000000.0,4.62
00403A,2026-06-08,3037,欣興,8960000.0,4.59
00403A,2026-06-08,2327,國巨*,8760000.0,3.7
00403A,2026-06-08,3711,日月光投控,12101000.0,3.67
00403A,2026-06-08,2383,台光電,1350000.0,3.62
00403A,2026-06-08,2368,金像電,4700000.0,3.59
00403A,2026-06-08,2344,華邦電,36000000.0,3.12
00403A,2026-06-08,2345,智邦,2100000.0,2.86
00403A,2026-06-08,2308,台達電,2250000.0,2.85
00403A,2026-06-08,6223,旺矽,780000.0,2.42
00403A,2026-06-08,2454,聯發科,1050000.0,2.4
00403A,2026-06-08,6669,緯穎,790000.0,2.34
00403A,2026-06-08,3653,健策,830000.0,1.78
00403A,2026-06-08,3533,嘉澤,1240000.0,1.6
00403A,2026-06-08,4958,臻鼎-KY,5492000.0,1.58
00403A,2026-06-08,2337,旺宏,16350000.0,1.32
00403A,2026-06-08,3665,貿聯-KY,1090000.0,1.28
00403A,2026-06-08,2360,致茂,840000.0,1.16
00403A,2026-06-08,6274,台燿,1300000.0,1.12
00403A,2026-06-08,7769,鴻勁,279000.0,1.1
00403A,2026-06-08,3443,創意,430000.0,1.03
00403A,2026-06-08,3081,聯亞,720000.0,1.01
00403A,2026-06-08,6442,光聖,830000.0,0.92
00403A,2026-06-08,5347,世界,9911000.0,0.87
00403A,2026-06-08,8996,高力,1200000.0,0.82
00403A,2026-06-08,6515,穎崴,165000.0,0.78
00403A,2026-06-08,6147,頎邦,5600000.0,0.76
00403A,2026-06-08,3529,力旺,390000.0,0.7
00403A,2026-06-08,6488,環球晶,1497000.0,0.65
00403A,2026-06-08,6805,富世達,570000.0,0.61
00403A,2026-06-08,8358,金居,1710000.0,0.56
00403A,2026-06-08,3189,景碩,1380000.0,0.54
00403A,2026-06-08,8210,勤誠,680000.0,0.53
00403A,2026-06-08,8046,南電,1080000.0,0.5
00403A,2026-06-08,2317,鴻海,3200000.0,0.48
00403A,2026-06-08,8299,群聯,350000.0,0.44
00403A,2026-06-08,5274,信驊,45000.0,0.44
00403A,2026-06-08,3583,辛耘,900000.0,0.41
00403A,2026-06-08,4979,華星光,1200000.0,0.36
00403A,2026-06-08,4966,譜瑞-KY,900000.0,0.34
00403A,2026-06-08,1303,南亞,5300000.0,0.29
00403A,2026-06-08,3044,健鼎,1000000.0,0.27
00403A,2026-06-08,6196,帆宣,870000.0,0.24
00403A,2026-06-08,3105,穩懋,957000.0,0.24
00403A,2026-06-08,2049,上銀,1010000.0,0.19
00403A,2026-06-08,2455,全新,450000.0,0.09
00403A,2026-06-08,2481,強茂,1100000.0,0.09
00403A,2026-06-08,1560,中砂,78000.0,0.03
00403A,2026-06-09,2330,台積電,14200000.0,17.92
00403A,2026-06-09,2303,聯電,68000000.0,4.75
00403A,2026-06-09,3037,欣興,8960000.0,4.75
00403A,2026-06-09,3017,奇鋐,3250000.0,4.53
00403A,2026-06-09,2327,國巨*,8760000.0,3.96
00403A,2026-06-09,2368,金像電,4700000.0,3.85
00403A,2026-06-09,3711,日月光投控,12101000.0,3.77
00403A,2026-06-09,2383,台光電,1350000.0,3.74
00403A,2026-06-09,2308,台達電,2430000.0,3.21
00403A,2026-06-09,2344,華邦電,36000000.0,3.08
00403A,2026-06-09,2345,智邦,2100000.0,2.85
00403A,2026-06-09,2454,聯發科,1110000.0,2.72
00403A,2026-06-09,6223,旺矽,830000.0,2.67
00403A,2026-06-09,6669,緯穎,790000.0,2.29
00403A,2026-06-09,3653,健策,830000.0,1.79
00403A,2026-06-09,4958,臻鼎-KY,5492000.0,1.64
00403A,2026-06-09,3533,嘉澤,1240000.0,1.59
00403A,2026-06-09,2337,旺宏,16350000.0,1.3
00403A,2026-06-09,3665,貿聯-KY,1090000.0,1.29
00403A,2026-06-09,6274,台燿,1420000.0,1.26
00403A,2026-06-09,2360,致茂,840000.0,1.1
00403A,2026-06-09,7769,鴻勁,279000.0,1.06
00403A,2026-06-09,3443,創意,430000.0,1.01
00403A,2026-06-09,3081,聯亞,720000.0,0.98
00403A,2026-06-09,6442,光聖,830000.0,0.95
00403A,2026-06-09,8996,高力,1234000.0,0.9
00403A,2026-06-09,5347,世界,9911000.0,0.87
00403A,2026-06-09,6515,穎崴,165000.0,0.78
00403A,2026-06-09,6147,頎邦,5600000.0,0.77
00403A,2026-06-09,3529,力旺,390000.0,0.67
00403A,2026-06-09,6488,環球晶,1497000.0,0.66
00403A,2026-06-09,6805,富世達,570000.0,0.61
00403A,2026-06-09,8358,金居,1710000.0,0.57
00403A,2026-06-09,8210,勤誠,680000.0,0.56
00403A,2026-06-09,3189,景碩,1380000.0,0.54
00403A,2026-06-09,8046,南電,1080000.0,0.54
00403A,2026-06-09,2317,鴻海,3200000.0,0.49
00403A,2026-06-09,8299,群聯,350000.0,0.45
00403A,2026-06-09,5274,信驊,45000.0,0.44
00403A,2026-06-09,3583,辛耘,900000.0,0.43
00403A,2026-06-09,4979,華星光,1200000.0,0.37
00403A,2026-06-09,4966,譜瑞-KY,900000.0,0.34
00403A,2026-06-09,1303,南亞,5300000.0,0.29
00403A,2026-06-09,3105,穩懋,957000.0,0.26
00403A,2026-06-09,6196,帆宣,870000.0,0.25
00403A,2026-06-09,2049,上銀,1010000.0,0.19
00403A,2026-06-09,2455,全新,450000.0,0.1
00403A,2026-06-09,3044,健鼎,200000.0,0.05
00403A,2026-06-09,1560,中砂,78000.0,0.03
00403A,2026-06-09,2481,強茂,1000.0,0.0
00403A,2026-06-10,2330,台積電,14200000.0,18.55
00403A,2026-06-10,2303,聯電,68000000.0,4.67
00403A,2026-06-10,2327,國巨*,9760000.0,4.63
00403A,2026-06-10,3037,欣興,8960000.0,4.59
00403A,2026-06-10,3017,奇鋐,3250000.0,4.44
00403A,2026-06-10,2368,金像電,4700000.0,3.87
00403A,2026-06-10,2383,台光電,1350000.0,3.86
00403A,2026-06-10,3711,日月光投控,12101000.0,3.78
00403A,2026-06-10,2344,華邦電,36000000.0,3.11
00403A,2026-06-10,2308,台達電,2430000.0,3.1
00403A,2026-06-10,6223,旺矽,870000.0,2.91
00403A,2026-06-10,2345,智邦,2100000.0,2.88
00403A,2026-06-10,2454,聯發科,1170000.0,2.82
00403A,2026-06-10,6669,緯穎,790000.0,2.32
00403A,2026-06-10,3653,健策,830000.0,1.83
00403A,2026-06-10,4958,臻鼎-KY,5492000.0,1.6
00403A,2026-06-10,3533,嘉澤,1240000.0,1.56
00403A,2026-06-10,3665,貿聯-KY,1090000.0,1.36
00403A,2026-06-10,6274,台燿,1520000.0,1.32
00403A,2026-06-10,2337,旺宏,16350000.0,1.28
00403A,2026-06-10,7769,鴻勁,279000.0,1.11
00403A,2026-06-10,2360,致茂,840000.0,1.08
00403A,2026-06-10,3443,創意,430000.0,1.0
00403A,2026-06-10,8996,高力,1334000.0,0.94
00403A,2026-06-10,3081,聯亞,720000.0,0.94
00403A,2026-06-10,6442,光聖,830000.0,0.91
00403A,2026-06-10,5347,世界,9911000.0,0.88
00403A,2026-06-10,6515,穎崴,165000.0,0.78
00403A,2026-06-10,6147,頎邦,5600000.0,0.73
00403A,2026-06-10,3529,力旺,390000.0,0.67
00403A,2026-06-10,6488,環球晶,1497000.0,0.67
00403A,2026-06-10,6805,富世達,570000.0,0.58
00403A,2026-06-10,8210,勤誠,680000.0,0.57
00403A,2026-06-10,8358,金居,1710000.0,0.55
00403A,2026-06-10,3189,景碩,1380000.0,0.53
00403A,2026-06-10,8046,南電,1080000.0,0.53
00403A,2026-06-10,2317,鴻海,3200000.0,0.49
00403A,2026-06-10,8299,群聯,350000.0,0.44
00403A,2026-06-10,5274,信驊,45000.0,0.44
00403A,2026-06-10,3583,辛耘,900000.0,0.41
00403A,2026-06-10,4966,譜瑞-KY,900000.0,0.35
00403A,2026-06-10,4979,華星光,1155000.0,0.34
00403A,2026-06-10,1303,南亞,5300000.0,0.29
00403A,2026-06-10,3105,穩懋,957000.0,0.26
00403A,2026-06-10,6196,帆宣,870000.0,0.25
00403A,2026-06-10,2049,上銀,1010000.0,0.19
00403A,2026-06-10,2455,全新,450000.0,0.09
00403A,2026-06-10,1560,中砂,78000.0,0.03
00403A,2026-06-10,3044,健鼎,1000.0,0.0
00403A,2026-06-10,2481,強茂,1000.0,0.0
00403A,2026-06-11,2330,台積電,14200000.0,18.1
00403A,2026-06-11,2303,聯電,68000000.0,4.82
00403A,2026-06-11,2327,國巨*,9900000.0,4.72
00403A,2026-06-11,3037,欣興,8960000.0,4.34
00403A,2026-06-11,3017,奇鋐,3250000.0,4.3
00403A,2026-06-11,2383,台光電,1350000.0,3.9
00403A,2026-06-11,3711,日月光投控,12101000.0,3.73
00403A,2026-06-11,2368,金像電,4700000.0,3.58
00403A,2026-06-11,2344,華邦電,36000000.0,3.19
00403A,2026-06-11,6223,旺矽,870000.0,3.0
00403A,2026-06-11,2308,台達電,2430000.0,2.97
00403A,2026-06-11,2454,聯發科,1170000.0,2.71
00403A,2026-06-11,2345,智邦,2100000.0,2.71
00403A,2026-06-11,6669,緯穎,790000.0,2.19
00403A,2026-06-11,3653,健策,830000.0,1.7
00403A,2026-06-11,4958,臻鼎-KY,5600000.0,1.68
00403A,2026-06-11,3533,嘉澤,1240000.0,1.51
00403A,2026-06-11,3665,貿聯-KY,1090000.0,1.33
00403A,2026-06-11,2337,旺宏,16350000.0,1.3
00403A,2026-06-11,6274,台燿,1520000.0,1.27
00403A,2026-06-11,7769,鴻勁,279000.0,1.12
00403A,2026-06-11,2360,致茂,840000.0,1.04
00403A,2026-06-11,3443,創意,430000.0,1.0
00403A,2026-06-11,5347,世界,9911000.0,0.91
00403A,2026-06-11,6442,光聖,830000.0,0.86
00403A,2026-06-11,8996,高力,1334000.0,0.86
00403A,2026-06-11,3081,聯亞,690000.0,0.85
00403A,2026-06-11,6515,穎崴,165000.0,0.82
00403A,2026-06-11,6147,頎邦,5600000.0,0.71
00403A,2026-06-11,3529,力旺,390000.0,0.67
00403A,2026-06-11,6488,環球晶,1497000.0,0.67
00403A,2026-06-11,6805,富世達,570000.0,0.57
00403A,2026-06-11,8210,勤誠,680000.0,0.55
00403A,2026-06-11,8358,金居,1710000.0,0.52
00403A,2026-06-11,8046,南電,1080000.0,0.49
00403A,2026-06-11,3189,景碩,1380000.0,0.48
00403A,2026-06-11,2317,鴻海,3200000.0,0.47
00403A,2026-06-11,5274,信驊,45000.0,0.45
00403A,2026-06-11,8299,群聯,350000.0,0.44
00403A,2026-06-11,3583,辛耘,900000.0,0.4
00403A,2026-06-11,1303,南亞,7000000.0,0.38
00403A,2026-06-11,4966,譜瑞-KY,900000.0,0.34
00403A,2026-06-11,4979,華星光,1000000.0,0.27
00403A,2026-06-11,3105,穩懋,957000.0,0.26
00403A,2026-06-11,6196,帆宣,870000.0,0.25
00403A,2026-06-11,2049,上銀,1010000.0,0.18
00403A,2026-06-11,1560,中砂,340000.0,0.12
00403A,2026-06-11,2455,全新,450000.0,0.08
00403A,2026-06-11,3044,健鼎,1000.0,0.0
00403A,2026-06-11,2481,強茂,1000.0,0.0
00403A,2026-06-12,2330,台積電,14200000.0,18.16
00403A,2026-06-12,2303,聯電,72400000.0,5.35
00403A,2026-06-12,2327,國巨*,9900000.0,4.69
00403A,2026-06-12,3037,欣興,8960000.0,4.47
00403A,2026-06-12,3017,奇鋐,3250000.0,4.33
00403A,2026-06-12,3711,日月光投控,12101000.0,3.95
00403A,2026-06-12,2344,華邦電,38000000.0,3.62
00403A,2026-06-12,2383,台光電,1350000.0,3.61
00403A,2026-06-12,2368,金像電,4700000.0,3.43
00403A,2026-06-12,6223,旺矽,900000.0,3.23
00403A,2026-06-12,2308,台達電,2430000.0,2.98
00403A,2026-06-12,2454,聯發科,1200000.0,2.78
00403A,2026-06-12,2345,智邦,2100000.0,2.71
00403A,2026-06-12,6669,緯穎,790000.0,2.12
00403A,2026-06-12,4958,臻鼎-KY,5900000.0,1.8
00403A,2026-06-12,3653,健策,830000.0,1.7
00403A,2026-06-12,3533,嘉澤,1240000.0,1.54
00403A,2026-06-12,3665,貿聯-KY,1090000.0,1.39
00403A,2026-06-12,2337,旺宏,16350000.0,1.33
00403A,2026-06-12,6274,台燿,1520000.0,1.2
00403A,2026-06-12,7769,鴻勁,279000.0,1.11
00403A,2026-06-12,2360,致茂,840000.0,1.07
00403A,2026-06-12,6515,穎崴,200000.0,1.06
00403A,2026-06-12,3443,創意,430000.0,1.04
00403A,2026-06-12,5347,世界,9911000.0,0.93
00403A,2026-06-12,6442,光聖,830000.0,0.85
00403A,2026-06-12,8996,高力,1334000.0,0.85
00403A,2026-06-12,6488,環球晶,1497000.0,0.72
00403A,2026-06-12,3081,聯亞,570000.0,0.69
00403A,2026-06-12,6147,頎邦,5600000.0,0.69
00403A,2026-06-12,3529,力旺,390000.0,0.67
00403A,2026-06-12,6805,富世達,570000.0,0.58
00403A,2026-06-12,8210,勤誠,680000.0,0.56
00403A,2026-06-12,8358,金居,1710000.0,0.54
00403A,2026-06-12,8046,南電,1080000.0,0.49
00403A,2026-06-12,3189,景碩,1380000.0,0.47
00403A,2026-06-12,5274,信驊,45000.0,0.46
00403A,2026-06-12,2317,鴻海,3200000.0,0.46
00403A,2026-06-12,8299,群聯,350000.0,0.45
00403A,2026-06-12,1303,南亞,7000000.0,0.41
00403A,2026-06-12,3583,辛耘,900000.0,0.4
00403A,2026-06-12,4966,譜瑞-KY,900000.0,0.34
00403A,2026-06-12,3105,穩懋,957000.0,0.27
00403A,2026-06-12,6196,帆宣,870000.0,0.26
00403A,2026-06-12,4979,華星光,916000.0,0.25
00403A,2026-06-12,1560,中砂,600000.0,0.22
00403A,2026-06-12,2049,上銀,1010000.0,0.18
00403A,2026-06-12,3211,順達,700000.0,0.16
00403A,2026-06-12,2455,全新,450000.0,0.09
00403A,2026-06-12,2481,強茂,1000.0,0.0
00403A,2026-06-15,2330,台積電,14200000.0,18.44
00403A,2026-06-15,2303,聯電,72400000.0,5.6
00403A,2026-06-15,2327,國巨*,9900000.0,5.09
00403A,2026-06-15,3037,欣興,8960000.0,4.7
00403A,2026-06-15,3017,奇鋐,3250000.0,4.28
00403A,2026-06-15,2344,華邦電,38000000.0,3.93
00403A,2026-06-15,2383,台光電,1350000.0,3.71
00403A,2026-06-15,2368,金像電,4700000.0,3.39
00403A,2026-06-15,6223,旺矽,900000.0,3.17
00403A,2026-06-15,2454,聯發科,1280000.0,3.13
00403A,2026-06-15,2308,台達電,2430000.0,2.94
00403A,2026-06-15,3711,日月光投控,8900000.0,2.87
00403A,2026-06-15,2345,智邦,2100000.0,2.79
00403A,2026-06-15,6669,緯穎,790000.0,2.12
00403A,2026-06-15,4958,臻鼎-KY,6020000.0,1.94
00403A,2026-06-15,3653,健策,830000.0,1.74
00403A,2026-06-15,3533,嘉澤,1240000.0,1.56
00403A,2026-06-15,2337,旺宏,16350000.0,1.42
00403A,2026-06-15,3665,貿聯-KY,1090000.0,1.35
00403A,2026-06-15,6274,台燿,1520000.0,1.3
00403A,2026-06-15,3443,創意,430000.0,1.13
00403A,2026-06-15,7769,鴻勁,279000.0,1.1
00403A,2026-06-15,6515,穎崴,200000.0,1.09
00403A,2026-06-15,2360,致茂,840000.0,1.04
00403A,2026-06-15,5347,世界,9911000.0,0.95
00403A,2026-06-15,8996,高力,1334000.0,0.92
00403A,2026-06-15,6488,環球晶,1700000.0,0.88
00403A,2026-06-15,6442,光聖,830000.0,0.87
00403A,2026-06-15,3081,聯亞,570000.0,0.73
00403A,2026-06-15,6147,頎邦,5600000.0,0.72
00403A,2026-06-15,3529,力旺,390000.0,0.68
00403A,2026-06-15,8358,金居,1710000.0,0.58
00403A,2026-06-15,6805,富世達,570000.0,0.54
00403A,2026-06-15,8210,勤誠,680000.0,0.53
00403A,2026-06-15,8046,南電,1080000.0,0.51
00403A,2026-06-15,3189,景碩,1380000.0,0.5
00403A,2026-06-15,1303,南亞,7550000.0,0.48
00403A,2026-06-15,2317,鴻海,3200000.0,0.47
00403A,2026-06-15,8299,群聯,350000.0,0.44
00403A,2026-06-15,5274,信驊,45000.0,0.44
00403A,2026-06-15,3583,辛耘,900000.0,0.4
00403A,2026-06-15,4966,譜瑞-KY,900000.0,0.33
00403A,2026-06-15,1560,中砂,800000.0,0.31
00403A,2026-06-15,6196,帆宣,1000000.0,0.31
00403A,2026-06-15,3105,穩懋,957000.0,0.27
00403A,2026-06-15,3211,順達,1100000.0,0.26
00403A,2026-06-15,4979,華星光,748000.0,0.22
00403A,2026-06-15,2049,上銀,1010000.0,0.18
00403A,2026-06-15,2455,全新,450000.0,0.09
00403A,2026-06-15,2481,強茂,1000.0,0.0
00403A,2026-06-16,2330,台積電,14200000.0,19.14
00403A,2026-06-16,2303,聯電,72400000.0,5.73
00403A,2026-06-16,2327,國巨*,9900000.0,5.28
00403A,2026-06-16,3037,欣興,8960000.0,4.94
00403A,2026-06-16,3017,奇鋐,3250000.0,4.33
00403A,2026-06-16,2344,華邦電,38000000.0,4.2
00403A,2026-06-16,2383,台光電,1350000.0,3.88
00403A,2026-06-16,2368,金像電,4700000.0,3.55
00403A,2026-06-16,2454,聯發科,1280000.0,3.28
00403A,2026-06-16,6223,旺矽,900000.0,3.26
00403A,2026-06-16,2308,台達電,2430000.0,3.04
00403A,2026-06-16,2345,智邦,2100000.0,2.97
00403A,2026-06-16,4958,臻鼎-KY,6440000.0,2.26
00403A,2026-06-16,6669,緯穎,790000.0,2.16
00403A,2026-06-16,3711,日月光投控,6200000.0,2.06
00403A,2026-06-16,3653,健策,830000.0,1.76
00403A,2026-06-16,3533,嘉澤,1240000.0,1.6
00403A,2026-06-16,2337,旺宏,16350000.0,1.53
00403A,2026-06-16,6274,台燿,1650000.0,1.49
00403A,2026-06-16,3443,創意,430000.0,1.19
00403A,2026-06-16,3665,貿聯-KY,980000.0,1.17
00403A,2026-06-16,7769,鴻勁,279000.0,1.15
00403A,2026-06-16,6515,穎崴,200000.0,1.12
00403A,2026-06-16,8996,高力,1334000.0,1.03
00403A,2026-06-16,6488,環球晶,1700000.0,1.0
00403A,2026-06-16,5347,世界,9911000.0,0.95
00403A,2026-06-16,6442,光聖,830000.0,0.87
00403A,2026-06-16,2360,致茂,610000.0,0.8
00403A,2026-06-16,3081,聯亞,570000.0,0.73
00403A,2026-06-16,6147,頎邦,5600000.0,0.72
00403A,2026-06-16,3529,力旺,390000.0,0.7
00403A,2026-06-16,8358,金居,1710000.0,0.61
00403A,2026-06-16,6805,富世達,570000.0,0.55
00403A,2026-06-16,8046,南電,1080000.0,0.55
00403A,2026-06-16,3189,景碩,1380000.0,0.5
00403A,2026-06-16,1303,南亞,7550000.0,0.49
00403A,2026-06-16,2317,鴻海,3200000.0,0.48
00403A,2026-06-16,5274,信驊,45000.0,0.46
00403A,2026-06-16,8210,勤誠,540000.0,0.41
00403A,2026-06-16,3583,辛耘,900000.0,0.41
00403A,2026-06-16,3211,順達,1560000.0,0.38
00403A,2026-06-16,4966,譜瑞-KY,900000.0,0.33
00403A,2026-06-16,1560,中砂,800000.0,0.31
00403A,2026-06-16,6196,帆宣,1000000.0,0.3
00403A,2026-06-16,3105,穩懋,957000.0,0.26
00403A,2026-06-16,4979,華星光,650000.0,0.21
00403A,2026-06-16,2049,上銀,1010000.0,0.18
00403A,2026-06-16,6415,矽力*-KY,500000.0,0.17
00403A,2026-06-16,2455,全新,450000.0,0.1
00403A,2026-06-16,8299,群聯,1000.0,0.0
00403A,2026-06-17,2330,台積電,14200000.0,19.28
00403A,2026-06-17,2303,聯電,72400000.0,5.77
00403A,2026-06-17,2327,國巨*,10050000.0,5.63
00403A,2026-06-17,3037,欣興,8960000.0,5.04
00403A,2026-06-17,2344,華邦電,38800000.0,4.4
00403A,2026-06-17,3017,奇鋐,3250000.0,4.38
00403A,2026-06-17,2383,台光電,1350000.0,4.0
00403A,2026-06-17,2368,金像電,4700000.0,3.67
00403A,2026-06-17,6223,旺矽,900000.0,3.29
00403A,2026-06-17,2454,聯發科,1280000.0,3.25
00403A,2026-06-17,2308,台達電,2430000.0,2.98
00403A,2026-06-17,2345,智邦,2100000.0,2.98
00403A,2026-06-17,4958,臻鼎-KY,6440000.0,2.34
00403A,2026-06-17,6669,緯穎,790000.0,2.29
00403A,2026-06-17,3653,健策,830000.0,1.89
00403A,2026-06-17,3533,嘉澤,1240000.0,1.62
00403A,2026-06-17,6274,台燿,1700000.0,1.62
00403A,2026-06-17,3711,日月光投控,4500000.0,1.52
00403A,2026-06-17,2337,旺宏,16350000.0,1.5
00403A,2026-06-17,6488,環球晶,2000000.0,1.25
00403A,2026-06-17,3443,創意,430000.0,1.24
00403A,2026-06-17,8996,高力,1346000.0,1.16
00403A,2026-06-17,7769,鴻勁,279000.0,1.16
00403A,2026-06-17,6515,穎崴,200000.0,1.08
00403A,2026-06-17,3665,貿聯-KY,820000.0,0.98
00403A,2026-06-17,5347,世界,9911000.0,0.94
00403A,2026-06-17,6442,光聖,801000.0,0.84
00403A,2026-06-17,2360,致茂,610000.0,0.77
00403A,2026-06-17,6147,頎邦,5600000.0,0.73
00403A,2026-06-17,3529,力旺,390000.0,0.7
00403A,2026-06-17,8358,金居,1710000.0,0.62
00403A,2026-06-17,3081,聯亞,450000.0,0.58
00403A,2026-06-17,6805,富世達,570000.0,0.56
00403A,2026-06-17,3189,景碩,1380000.0,0.55
00403A,2026-06-17,8046,南電,1080000.0,0.54
00403A,2026-06-17,1303,南亞,7550000.0,0.54
00403A,2026-06-17,2317,鴻海,3200000.0,0.5
00403A,2026-06-17,5274,信驊,45000.0,0.47
00403A,2026-06-17,3583,辛耘,900000.0,0.42
00403A,2026-06-17,3211,順達,1560000.0,0.38
00403A,2026-06-17,8210,勤誠,500000.0,0.38
00403A,2026-06-17,4966,譜瑞-KY,900000.0,0.35
00403A,2026-06-17,1560,中砂,800000.0,0.31
00403A,2026-06-17,6196,帆宣,1000000.0,0.31
00403A,2026-06-17,3105,穩懋,957000.0,0.28
00403A,2026-06-17,6415,矽力*-KY,750000.0,0.24
00403A,2026-06-17,2049,上銀,1010000.0,0.19
00403A,2026-06-17,4979,華星光,600000.0,0.19
00403A,2026-06-17,2455,全新,450000.0,0.11
00403A,2026-06-17,8299,群聯,1000.0,0.0
00403A,2026-06-18,2330,台積電,13300000.0,18.29
00403A,2026-06-18,2327,國巨*,10050000.0,6.19
00403A,2026-06-18,2303,聯電,72400000.0,6.01
00403A,2026-06-18,3037,欣興,8960000.0,4.95
00403A,2026-06-18,2344,華邦電,38800000.0,4.84
00403A,2026-06-18,3017,奇鋐,3250000.0,4.45
00403A,2026-06-18,2383,台光電,1350000.0,4.31
00403A,2026-06-18,2368,金像電,4700000.0,3.63
00403A,2026-06-18,6223,旺矽,900000.0,3.29
00403A,2026-06-18,2454,聯發科,1280000.0,3.21
00403A,2026-06-18,2308,台達電,2430000.0,2.98
00403A,2026-06-18,2345,智邦,2100000.0,2.92
00403A,2026-06-18,4958,臻鼎-KY,6440000.0,2.36
00403A,2026-06-18,6669,緯穎,790000.0,2.31
00403A,2026-06-18,3653,健策,830000.0,1.88
00403A,2026-06-18,6274,台燿,1700000.0,1.78
00403A,2026-06-18,3533,嘉澤,1240000.0,1.62
00403A,2026-06-18,2337,旺宏,16350000.0,1.58
00403A,2026-06-18,3711,日月光投控,4500000.0,1.57
00403A,2026-06-18,8996,高力,1502000.0,1.36
00403A,2026-06-18,6488,環球晶,2000000.0,1.27
00403A,2026-06-18,3443,創意,430000.0,1.19
00403A,2026-06-18,7769,鴻勁,279000.0,1.11
00403A,2026-06-18,6515,穎崴,200000.0,1.08
00403A,2026-06-18,5347,世界,9911000.0,0.99
00403A,2026-06-18,3665,貿聯-KY,820000.0,0.98
00403A,2026-06-18,6442,光聖,801000.0,0.89
00403A,2026-06-18,6147,頎邦,5600000.0,0.81
00403A,2026-06-18,2360,致茂,610000.0,0.8
00403A,2026-06-18,3529,力旺,390000.0,0.73
00403A,2026-06-18,8358,金居,1710000.0,0.68
00403A,2026-06-18,3081,聯亞,450000.0,0.63
00403A,2026-06-18,1303,南亞,7550000.0,0.6
00403A,2026-06-18,6805,富世達,570000.0,0.57
00403A,2026-06-18,3189,景碩,1380000.0,0.57
00403A,2026-06-18,8046,南電,1080000.0,0.54
00403A,2026-06-18,5274,信驊,45000.0,0.49
00403A,2026-06-18,2317,鴻海,3200000.0,0.49
00403A,2026-06-18,3583,辛耘,900000.0,0.46
00403A,2026-06-18,3211,順達,1560000.0,0.39
00403A,2026-06-18,4966,譜瑞-KY,900000.0,0.36
00403A,2026-06-18,1560,中砂,800000.0,0.32
00403A,2026-06-18,6196,帆宣,1000000.0,0.32
00403A,2026-06-18,3105,穩懋,957000.0,0.29
00403A,2026-06-18,6415,矽力*-KY,750000.0,0.27
00403A,2026-06-18,8210,勤誠,280000.0,0.22
00403A,2026-06-18,2049,上銀,1010000.0,0.19
00403A,2026-06-18,4979,華星光,600000.0,0.19
00403A,2026-06-18,2455,全新,450000.0,0.11
00403A,2026-06-18,8299,群聯,1000.0,0.0
00403A,2026-06-22,2330,台積電,12900000.0,18.14
00403A,2026-06-22,2303,聯電,72400000.0,6.49
00403A,2026-06-22,2327,國巨*,10050000.0,5.99
00403A,2026-06-22,3037,欣興,8960000.0,5.04
00403A,2026-06-22,2344,華邦電,38800000.0,4.82
00403A,2026-06-22,3017,奇鋐,3250000.0,4.41
00403A,2026-06-22,2383,台光電,1350000.0,4.4
00403A,2026-06-22,2368,金像電,4700000.0,3.67
00403A,2026-06-22,2454,聯發科,1320000.0,3.3
00403A,2026-06-22,6223,旺矽,900000.0,3.24
00403A,2026-06-22,2345,智邦,2100000.0,3.05
00403A,2026-06-22,2308,台達電,2430000.0,2.93
00403A,2026-06-22,4958,臻鼎-KY,6440000.0,2.24
00403A,2026-06-22,6669,緯穎,790000.0,2.15
00403A,2026-06-22,6274,台燿,1700000.0,1.81
00403A,2026-06-22,3653,健策,830000.0,1.79
00403A,2026-06-22,2337,旺宏,16350000.0,1.7
00403A,2026-06-22,3711,日月光投控,4500000.0,1.7
00403A,2026-06-22,3533,嘉澤,1240000.0,1.61
00403A,2026-06-22,8996,高力,1502000.0,1.31
00403A,2026-06-22,6488,環球晶,2000000.0,1.25
00403A,2026-06-22,3443,創意,430000.0,1.15
00403A,2026-06-22,7769,鴻勁,279000.0,1.08
00403A,2026-06-22,6515,穎崴,200000.0,1.06
00403A,2026-06-22,5347,世界,9911000.0,1.06
00403A,2026-06-22,6147,頎邦,5600000.0,0.87
00403A,2026-06-22,6442,光聖,670000.0,0.78
00403A,2026-06-22,8358,金居,1950000.0,0.75
00403A,2026-06-22,3189,景碩,1572000.0,0.7
00403A,2026-06-22,3529,力旺,390000.0,0.69
00403A,2026-06-22,1303,南亞,7550000.0,0.64
00403A,2026-06-22,6805,富世達,570000.0,0.58
00403A,2026-06-22,2360,致茂,450000.0,0.58
00403A,2026-06-22,3665,貿聯-KY,500000.0,0.56
00403A,2026-06-22,8046,南電,1080000.0,0.52
00403A,2026-06-22,5274,信驊,45000.0,0.49
00403A,2026-06-22,3081,聯亞,360000.0,0.48
00403A,2026-06-22,2317,鴻海,3200000.0,0.48
00403A,2026-06-22,3583,辛耘,900000.0,0.45
00403A,2026-06-22,3211,順達,1560000.0,0.4
00403A,2026-06-22,4966,譜瑞-KY,900000.0,0.35
00403A,2026-06-22,6415,矽力*-KY,900000.0,0.34
00403A,2026-06-22,1560,中砂,800000.0,0.32
00403A,2026-06-22,6196,帆宣,1000000.0,0.31
00403A,2026-06-22,2049,上銀,1010000.0,0.19
00403A,2026-06-22,4979,華星光,600000.0,0.19
00403A,2026-06-22,2455,全新,450000.0,0.1
00403A,2026-06-22,8299,群聯,1000.0,0.0
00403A,2026-06-22,8210,勤誠,1000.0,0.0
00403A,2026-06-22,3105,穩懋,1000.0,0.0
00403A,2026-06-23,2330,台積電,12900000.0,18.37
00403A,2026-06-23,2303,聯電,74000000.0,7.19
00403A,2026-06-23,2327,國巨*,10050000.0,5.86
00403A,2026-06-23,3037,欣興,8960000.0,4.99
00403A,2026-06-23,2344,華邦電,38800000.0,4.69
00403A,2026-06-23,3017,奇鋐,3250000.0,4.51
00403A,2026-06-23,2383,台光電,1350000.0,4.4
00403A,2026-06-23,2454,聯發科,1400000.0,3.63
00403A,2026-06-23,6223,旺矽,900000.0,3.44
00403A,2026-06-23,2368,金像電,4700000.0,3.4
00403A,2026-06-23,2345,智邦,2100000.0,2.92
00403A,2026-06-23,2308,台達電,2430000.0,2.89
00403A,2026-06-23,4958,臻鼎-KY,6440000.0,2.16
00403A,2026-06-23,6669,緯穎,790000.0,2.11
00403A,2026-06-23,3653,健策,830000.0,1.82
00403A,2026-06-23,3711,日月光投控,4500000.0,1.7
00403A,2026-06-23,6274,台燿,1700000.0,1.69
00403A,2026-06-23,2337,旺宏,16350000.0,1.61
00403A,2026-06-23,3533,嘉澤,1240000.0,1.58
00403A,2026-06-23,8996,高力,1560000.0,1.29
00403A,2026-06-23,3443,創意,430000.0,1.16
00403A,2026-06-23,6488,環球晶,2000000.0,1.16
00403A,2026-06-23,7769,鴻勁,279000.0,1.09
00403A,2026-06-23,6515,穎崴,200000.0,1.08
00403A,2026-06-23,5347,世界,9911000.0,1.06
00403A,2026-06-23,6147,頎邦,6000000.0,0.89
00403A,2026-06-23,8358,金居,1950000.0,0.73
00403A,2026-06-23,3529,力旺,390000.0,0.71
00403A,2026-06-23,1303,南亞,7550000.0,0.67
00403A,2026-06-23,6442,光聖,570000.0,0.65
00403A,2026-06-23,3189,景碩,1572000.0,0.65
00403A,2026-06-23,6805,富世達,570000.0,0.58
00403A,2026-06-23,2360,致茂,450000.0,0.58
00403A,2026-06-23,3665,貿聯-KY,500000.0,0.57
00403A,2026-06-23,5274,信驊,45000.0,0.48
00403A,2026-06-23,2317,鴻海,3200000.0,0.47
00403A,2026-06-23,3583,辛耘,900000.0,0.45
00403A,2026-06-23,8046,南電,795000.0,0.41
00403A,2026-06-23,3211,順達,1560000.0,0.38
00403A,2026-06-23,4966,譜瑞-KY,900000.0,0.34
00403A,2026-06-23,6415,矽力*-KY,900000.0,0.33
00403A,2026-06-23,1560,中砂,800000.0,0.32
00403A,2026-06-23,6196,帆宣,1000000.0,0.31
00403A,2026-06-23,3081,聯亞,240000.0,0.31
00403A,2026-06-23,2049,上銀,1010000.0,0.2
00403A,2026-06-23,4979,華星光,600000.0,0.18
00403A,2026-06-23,2455,全新,450000.0,0.1
00403A,2026-06-23,8299,群聯,1000.0,0.0
00403A,2026-06-23,8210,勤誠,1000.0,0.0
00403A,2026-06-23,3105,穩懋,1000.0,0.0
00403A,2026-06-24,2330,台積電,12900000.0,17.78
00403A,2026-06-24,2303,聯電,74600000.0,7.66
00403A,2026-06-24,2327,國巨*,10050000.0,6.08
00403A,2026-06-24,3037,欣興,8960000.0,4.81
00403A,2026-06-24,3017,奇鋐,3250000.0,4.74
00403A,2026-06-24,2344,華邦電,38800000.0,4.59
00403A,2026-06-24,2383,台光電,1350000.0,4.33
00403A,2026-06-24,6223,旺矽,940000.0,3.89
00403A,2026-06-24,2454,聯發科,1435000.0,3.55
00403A,2026-06-24,2368,金像電,4200000.0,3.04
00403A,2026-06-24,2345,智邦,2100000.0,2.88
00403A,2026-06-24,2308,台達電,2430000.0,2.8
00403A,2026-06-24,4958,臻鼎-KY,6440000.0,2.18
00403A,2026-06-24,6669,緯穎,790000.0,2.1
00403A,2026-06-24,3653,健策,830000.0,1.74
00403A,2026-06-24,6274,台燿,1700000.0,1.73
00403A,2026-06-24,3711,日月光投控,4500000.0,1.69
00403A,2026-06-24,2337,旺宏,16350000.0,1.62
00403A,2026-06-24,3533,嘉澤,1240000.0,1.6
00403A,2026-06-24,8996,高力,1560000.0,1.3
00403A,2026-06-24,3443,創意,430000.0,1.21
00403A,2026-06-24,5347,世界,9911000.0,1.14
00403A,2026-06-24,6488,環球晶,2000000.0,1.11
00403A,2026-06-24,6515,穎崴,200000.0,1.1
00403A,2026-06-24,7769,鴻勁,279000.0,1.09
00403A,2026-06-24,6147,頎邦,6000000.0,0.86
00403A,2026-06-24,3189,景碩,1800000.0,0.77
00403A,2026-06-24,8358,金居,1950000.0,0.72
00403A,2026-06-24,3529,力旺,390000.0,0.71
00403A,2026-06-24,1303,南亞,7550000.0,0.68
00403A,2026-06-24,6442,光聖,570000.0,0.64
00403A,2026-06-24,6805,富世達,570000.0,0.59
00403A,2026-06-24,3665,貿聯-KY,500000.0,0.58
00403A,2026-06-24,2360,致茂,450000.0,0.56
00403A,2026-06-24,5274,信驊,45000.0,0.48
00403A,2026-06-24,2317,鴻海,3200000.0,0.47
00403A,2026-06-24,3583,辛耘,900000.0,0.45
00403A,2026-06-24,8046,南電,795000.0,0.44
00403A,2026-06-24,3211,順達,1560000.0,0.38
00403A,2026-06-24,1560,中砂,800000.0,0.35
00403A,2026-06-24,4966,譜瑞-KY,900000.0,0.34
00403A,2026-06-24,6196,帆宣,1000000.0,0.31
00403A,2026-06-24,6415,矽力*-KY,900000.0,0.31
00403A,2026-06-24,3081,聯亞,160000.0,0.2
00403A,2026-06-24,2049,上銀,1010000.0,0.19
00403A,2026-06-24,4979,華星光,600000.0,0.17
00403A,2026-06-24,2455,全新,450000.0,0.1
00403A,2026-06-24,8299,群聯,1000.0,0.0
00403A,2026-06-24,8210,勤誠,1000.0,0.0
00403A,2026-06-24,3105,穩懋,1000.0,0.0
00403A,2026-06-25,2330,台積電,12900000.0,17.62
00403A,2026-06-25,2303,聯電,75000000.0,7.65
00403A,2026-06-25,2327,國巨*,10050000.0,6.46
00403A,2026-06-25,3037,欣興,8960000.0,5.22
00403A,2026-06-25,2344,華邦電,38800000.0,4.87
00403A,2026-06-25,3017,奇鋐,3250000.0,4.65
00403A,2026-06-25,2383,台光電,1350000.0,4.35
00403A,2026-06-25,6223,旺矽,940000.0,3.71
00403A,2026-06-25,2454,聯發科,1435000.0,3.54
00403A,2026-06-25,2345,智邦,2100000.0,2.86
00403A,2026-06-25,2308,台達電,2430000.0,2.75
00403A,2026-06-25,2368,金像電,3700000.0,2.62
00403A,2026-06-25,4958,臻鼎-KY,6440000.0,2.22
00403A,2026-06-25,6669,緯穎,790000.0,2.05
00403A,2026-06-25,6274,台燿,1700000.0,1.65
00403A,2026-06-25,3711,日月光投控,4500000.0,1.65
00403A,2026-06-25,3653,健策,830000.0,1.61
00403A,2026-06-25,3533,嘉澤,1240000.0,1.58
00403A,2026-06-25,8996,高力,1560000.0,1.3
00403A,2026-06-25,2337,旺宏,13850000.0,1.28
00403A,2026-06-25,3443,創意,450000.0,1.25
00403A,2026-06-25,5347,世界,9911000.0,1.25
00403A,2026-06-25,6488,環球晶,2000000.0,1.19
00403A,2026-06-25,7769,鴻勁,279000.0,1.1
00403A,2026-06-25,6515,穎崴,200000.0,1.04
00403A,2026-06-25,3189,景碩,1968000.0,0.91
00403A,2026-06-25,6147,頎邦,6000000.0,0.82
00403A,2026-06-25,3529,力旺,390000.0,0.72
00403A,2026-06-25,8358,金居,1950000.0,0.7
00403A,2026-06-25,1303,南亞,7550000.0,0.67
00403A,2026-06-25,6442,光聖,570000.0,0.61
00403A,2026-06-25,6805,富世達,570000.0,0.57
00403A,2026-06-25,2360,致茂,450000.0,0.56
00403A,2026-06-25,8046,南電,795000.0,0.47
00403A,2026-06-25,2317,鴻海,3200000.0,0.47
00403A,2026-06-25,5274,信驊,45000.0,0.45
00403A,2026-06-25,3665,貿聯-KY,400000.0,0.44
00403A,2026-06-25,3583,辛耘,900000.0,0.44
00403A,2026-06-25,3211,順達,1560000.0,0.36
00403A,2026-06-25,4966,譜瑞-KY,900000.0,0.34
00403A,2026-06-25,1560,中砂,800000.0,0.33
00403A,2026-06-25,6196,帆宣,1000000.0,0.32
00403A,2026-06-25,6415,矽力*-KY,900000.0,0.32
00403A,2026-06-25,2049,上銀,1010000.0,0.19
00403A,2026-06-25,4979,華星光,500000.0,0.14
00403A,2026-06-25,2455,全新,450000.0,0.1
00403A,2026-06-25,8299,群聯,1000.0,0.0
00403A,2026-06-25,8210,勤誠,1000.0,0.0
00403A,2026-06-25,3081,聯亞,1000.0,0.0
00403A,2026-06-25,3105,穩懋,1000.0,0.0
00403A,2026-06-26,2330,台積電,12900000.0,18.19
00403A,2026-06-26,2303,聯電,75000000.0,7.41
00403A,2026-06-26,2327,國巨*,10050000.0,6.15
00403A,2026-06-26,3037,欣興,8960000.0,5.27
00403A,2026-06-26,2344,華邦電,38800000.0,4.83
00403A,2026-06-26,3017,奇鋐,3250000.0,4.42
00403A,2026-06-26,2383,台光電,1350000.0,4.28
00403A,2026-06-26,6223,旺矽,940000.0,3.68
00403A,2026-06-26,2454,聯發科,1435000.0,3.36
00403A,2026-06-26,2345,智邦,2100000.0,3.01
00403A,2026-06-26,2368,金像電,3700000.0,2.65
00403A,2026-06-26,2308,台達電,2430000.0,2.65
00403A,2026-06-26,4958,臻鼎-KY,6440000.0,2.25
00403A,2026-06-26,6669,緯穎,790000.0,2.04
00403A,2026-06-26,3711,日月光投控,4500000.0,1.71
00403A,2026-06-26,3653,健策,830000.0,1.7
00403A,2026-06-26,6274,台燿,1700000.0,1.62
00403A,2026-06-26,3533,嘉澤,1240000.0,1.57
00403A,2026-06-26,3189,景碩,2940000.0,1.41
00403A,2026-06-26,8996,高力,1560000.0,1.29
00403A,2026-06-26,5347,世界,9911000.0,1.21
00403A,2026-06-26,3443,創意,450000.0,1.2
00403A,2026-06-26,6488,環球晶,2000000.0,1.13
00403A,2026-06-26,7769,鴻勁,279000.0,1.09
00403A,2026-06-26,6515,穎崴,200000.0,0.99
00403A,2026-06-26,2337,旺宏,10000000.0,0.98
00403A,2026-06-26,6147,頎邦,6000000.0,0.78
00403A,2026-06-26,3529,力旺,390000.0,0.69
00403A,2026-06-26,8358,金居,1950000.0,0.67
00403A,2026-06-26,1303,南亞,7550000.0,0.67
00403A,2026-06-26,6805,富世達,570000.0,0.56
00403A,2026-06-26,2360,致茂,450000.0,0.55
00403A,2026-06-26,8046,南電,795000.0,0.54
00403A,2026-06-26,2317,鴻海,3200000.0,0.48
00403A,2026-06-26,3583,辛耘,900000.0,0.44
00403A,2026-06-26,5274,信驊,45000.0,0.42
00403A,2026-06-26,3211,順達,1560000.0,0.37
00403A,2026-06-26,1560,中砂,800000.0,0.34
00403A,2026-06-26,6442,光聖,322000.0,0.33
00403A,2026-06-26,4966,譜瑞-KY,900000.0,0.33
00403A,2026-06-26,6196,帆宣,1000000.0,0.32
00403A,2026-06-26,6415,矽力*-KY,900000.0,0.31
00403A,2026-06-26,3665,貿聯-KY,250000.0,0.28
00403A,2026-06-26,2049,上銀,1010000.0,0.19
00403A,2026-06-26,2455,全新,450000.0,0.09
00403A,2026-06-26,4979,華星光,300000.0,0.08
00403A,2026-06-26,8299,群聯,1000.0,0.0
00403A,2026-06-26,8210,勤誠,1000.0,0.0
00403A,2026-06-26,3081,聯亞,1000.0,0.0
00403A,2026-06-26,3105,穩懋,1000.0,0.0
00403A,2026-06-29,2330,台積電,12900000.0,18.34
00403A,2026-06-29,2303,聯電,75000000.0,7.38
00403A,2026-06-29,2327,國巨*,10050000.0,6.27
00403A,2026-06-29,3037,欣興,8960000.0,5.25
00403A,2026-06-29,2344,華邦電,38800000.0,4.73
00403A,2026-06-29,3017,奇鋐,3250000.0,4.48
00403A,2026-06-29,2383,台光電,1350000.0,4.41
00403A,2026-06-29,6223,旺矽,940000.0,3.42
00403A,2026-06-29,2454,聯發科,1435000.0,3.37
00403A,2026-06-29,2345,智邦,2100000.0,2.95
00403A,2026-06-29,2308,台達電,2430000.0,2.78
00403A,2026-06-29,4958,臻鼎-KY,6440000.0,2.21
00403A,2026-06-29,6669,緯穎,790000.0,2.17
00403A,2026-06-29,2368,金像電,2900000.0,2.01
00403A,2026-06-29,3711,日月光投控,4500000.0,1.69
00403A,2026-06-29,3653,健策,830000.0,1.65
00403A,2026-06-29,3533,嘉澤,1240000.0,1.59
00403A,2026-06-29,6274,台燿,1700000.0,1.59
00403A,2026-06-29,3189,景碩,3200000.0,1.56
00403A,2026-06-29,8996,高力,1560000.0,1.38
00403A,2026-06-29,5347,世界,9911000.0,1.24
00403A,2026-06-29,3443,創意,450000.0,1.19
00403A,2026-06-29,6488,環球晶,2000000.0,1.1
00403A,2026-06-29,7769,鴻勁,279000.0,1.07
00403A,2026-06-29,6515,穎崴,200000.0,0.96
00403A,2026-06-29,2337,旺宏,10000000.0,0.95
00403A,2026-06-29,6147,頎邦,6000000.0,0.76
00403A,2026-06-29,1303,南亞,7550000.0,0.69
00403A,2026-06-29,3529,力旺,390000.0,0.68
00403A,2026-06-29,8358,金居,1950000.0,0.64
00403A,2026-06-29,6805,富世達,570000.0,0.56
00403A,2026-06-29,2360,致茂,450000.0,0.56
00403A,2026-06-29,8046,南電,795000.0,0.52
00403A,2026-06-29,2317,鴻海,3200000.0,0.47
00403A,2026-06-29,3583,辛耘,900000.0,0.46
00403A,2026-06-29,5274,信驊,45000.0,0.41
00403A,2026-06-29,1560,中砂,900000.0,0.4
00403A,2026-06-29,3211,順達,1560000.0,0.37
00403A,2026-06-29,4966,譜瑞-KY,900000.0,0.34
00403A,2026-06-29,6196,帆宣,1000000.0,0.32
00403A,2026-06-29,6415,矽力*-KY,900000.0,0.32
00403A,2026-06-29,6442,光聖,300000.0,0.29
00403A,2026-06-29,3665,貿聯-KY,166000.0,0.19
00403A,2026-06-29,2049,上銀,1010000.0,0.19
00403A,2026-06-29,2455,全新,450000.0,0.09
00403A,2026-06-29,4979,華星光,300000.0,0.08
00403A,2026-06-29,8299,群聯,1000.0,0.0
00403A,2026-06-29,8210,勤誠,1000.0,0.0
00403A,2026-06-29,3081,聯亞,1000.0,0.0
00403A,2026-06-29,3105,穩懋,1000.0,0.0
00403A,2026-06-30,2330,台積電,12900000.0,18.03
00403A,2026-06-30,2303,聯電,75000000.0,7.15
00403A,2026-06-30,2327,國巨*,10050000.0,6.64
00403A,2026-06-30,3037,欣興,8960000.0,5.56
00403A,2026-06-30,3017,奇鋐,3380000.0,4.95
00403A,2026-06-30,2344,華邦電,38800000.0,4.67
00403A,2026-06-30,2383,台光電,1200000.0,3.75
00403A,2026-06-30,2454,聯發科,1435000.0,3.53
00403A,2026-06-30,6223,旺矽,940000.0,3.32
00403A,2026-06-30,2345,智邦,2100000.0,3.04
00403A,2026-06-30,2308,台達電,2430000.0,2.75
00403A,2026-06-30,4958,臻鼎-KY,6440000.0,2.35
00403A,2026-06-30,6669,緯穎,790000.0,2.12
00403A,2026-06-30,3711,日月光投控,5000000.0,1.97
00403A,2026-06-30,2368,金像電,2750000.0,1.91
00403A,2026-06-30,3189,景碩,3217000.0,1.66
00403A,2026-06-30,6274,台燿,1700000.0,1.66
00403A,2026-06-30,3653,健策,830000.0,1.65
00403A,2026-06-30,3533,嘉澤,1240000.0,1.52
00403A,2026-06-30,8996,高力,1560000.0,1.4
00403A,2026-06-30,3443,創意,450000.0,1.26
00403A,2026-06-30,5347,世界,9911000.0,1.24
00403A,2026-06-30,6488,環球晶,2000000.0,1.17
00403A,2026-06-30,7769,鴻勁,279000.0,1.05
00403A,2026-06-30,6515,穎崴,200000.0,0.94
00403A,2026-06-30,2337,旺宏,10000000.0,0.9
00403A,2026-06-30,1303,南亞,7550000.0,0.73
00403A,2026-06-30,8358,金居,1950000.0,0.68
00403A,2026-06-30,3529,力旺,390000.0,0.66
00403A,2026-06-30,6805,富世達,570000.0,0.56
00403A,2026-06-30,2360,致茂,450000.0,0.56
00403A,2026-06-30,8046,南電,795000.0,0.55
00403A,2026-06-30,2317,鴻海,3200000.0,0.47
00403A,2026-06-30,3583,辛耘,900000.0,0.47
00403A,2026-06-30,6147,頎邦,3500000.0,0.43
00403A,2026-06-30,5274,信驊,45000.0,0.43
00403A,2026-06-30,1560,中砂,900000.0,0.4
00403A,2026-06-30,3211,順達,1560000.0,0.37
00403A,2026-06-30,4966,譜瑞-KY,900000.0,0.33
00403A,2026-06-30,6196,帆宣,1000000.0,0.32
00403A,2026-06-30,6415,矽力*-KY,900000.0,0.31
00403A,2026-06-30,6442,光聖,300000.0,0.29
00403A,2026-06-30,2049,上銀,1010000.0,0.19
00403A,2026-06-30,3665,貿聯-KY,166000.0,0.18
00403A,2026-06-30,6239,力成,500000.0,0.1
00403A,2026-06-30,2455,全新,450000.0,0.09
00403A,2026-06-30,4979,華星光,300000.0,0.08
00403A,2026-06-30,8299,群聯,1000.0,0.0
00403A,2026-06-30,8210,勤誠,1000.0,0.0
00403A,2026-06-30,3081,聯亞,1000.0,0.0
00403A,2026-07-01,2330,台積電,12800000.0,18.39
00403A,2026-07-01,2303,聯電,75000000.0,7.27
00403A,2026-07-01,2327,國巨*,10050000.0,6.57
00403A,2026-07-01,3037,欣興,8960000.0,5.34
00403A,2026-07-01,3017,奇鋐,3450000.0,5.18
00403A,2026-07-01,2344,華邦電,38800000.0,4.23
00403A,2026-07-01,2383,台光電,1140000.0,3.62
00403A,2026-07-01,6223,旺矽,940000.0,3.61
00403A,2026-07-01,2454,聯發科,1435000.0,3.57
00403A,2026-07-01,2345,智邦,2100000.0,3.2
00403A,2026-07-01,2308,台達電,2430000.0,2.77
00403A,2026-07-01,6669,緯穎,790000.0,2.28
00403A,2026-07-01,4958,臻鼎-KY,6440000.0,2.23
00403A,2026-07-01,3711,日月光投控,5300000.0,2.14
00403A,2026-07-01,2368,金像電,2750000.0,1.92
00403A,2026-07-01,6274,台燿,1700000.0,1.65
00403A,2026-07-01,3189,景碩,3217000.0,1.64
00403A,2026-07-01,3653,健策,830000.0,1.62
00403A,2026-07-01,3533,嘉澤,1240000.0,1.54
00403A,2026-07-01,8996,高力,1560000.0,1.39
00403A,2026-07-01,3443,創意,450000.0,1.3
00403A,2026-07-01,6488,環球晶,2000000.0,1.27
00403A,2026-07-01,7769,鴻勁,279000.0,1.11
00403A,2026-07-01,6515,穎崴,200000.0,1.02
00403A,2026-07-01,2337,旺宏,10000000.0,0.82
00403A,2026-07-01,1303,南亞,7550000.0,0.79
00403A,2026-07-01,8358,金居,1950000.0,0.66
00403A,2026-07-01,3529,力旺,390000.0,0.66
00403A,2026-07-01,5347,世界,5500000.0,0.65
00403A,2026-07-01,2360,致茂,450000.0,0.59
00403A,2026-07-01,6805,富世達,570000.0,0.56
00403A,2026-07-01,8046,南電,795000.0,0.54
00403A,2026-07-01,3583,辛耘,900000.0,0.47
00403A,2026-07-01,2317,鴻海,3200000.0,0.46
00403A,2026-07-01,1560,中砂,1000000.0,0.44
00403A,2026-07-01,6147,頎邦,3500000.0,0.44
00403A,2026-07-01,5274,信驊,45000.0,0.44
00403A,2026-07-01,3211,順達,1560000.0,0.37
00403A,2026-07-01,6196,帆宣,1000000.0,0.33
00403A,2026-07-01,4966,譜瑞-KY,900000.0,0.32
00403A,2026-07-01,6415,矽力*-KY,900000.0,0.3
00403A,2026-07-01,6442,光聖,300000.0,0.27
00403A,2026-07-01,2049,上銀,1010000.0,0.2
00403A,2026-07-01,3665,貿聯-KY,166000.0,0.19
00403A,2026-07-01,6239,力成,500000.0,0.1
00403A,2026-07-01,2455,全新,450000.0,0.09
00403A,2026-07-01,4979,華星光,100000.0,0.03
00403A,2026-07-01,8299,群聯,1000.0,0.0
00403A,2026-07-01,8210,勤誠,1000.0,0.0
00403A,2026-07-01,3081,聯亞,1000.0,0.0
00403A,2026-07-02,2330,台積電,12800000.0,18.23
00403A,2026-07-02,2303,聯電,75000000.0,7.17
00403A,2026-07-02,2327,國巨*,10050000.0,6.13
00403A,2026-07-02,3017,奇鋐,3450000.0,5.46
00403A,2026-07-02,3037,欣興,8960000.0,5.07
00403A,2026-07-02,6223,旺矽,1000000.0,4.19
00403A,2026-07-02,2344,華邦電,38800000.0,4.11
00403A,2026-07-02,2383,台光電,1140000.0,3.73
00403A,2026-07-02,2454,聯發科,1435000.0,3.6
00403A,2026-07-02,2345,智邦,2100000.0,3.34
00403A,2026-07-02,2308,台達電,2430000.0,2.77
00403A,2026-07-02,6669,緯穎,790000.0,2.37
00403A,2026-07-02,3711,日月光投控,5600000.0,2.35
00403A,2026-07-02,4958,臻鼎-KY,6440000.0,2.23
00403A,2026-07-02,2368,金像電,2750000.0,1.96
00403A,2026-07-02,3653,健策,830000.0,1.67
00403A,2026-07-02,6274,台燿,1700000.0,1.66
00403A,2026-07-02,3533,嘉澤,1240000.0,1.56
00403A,2026-07-02,3189,景碩,3217000.0,1.54
00403A,2026-07-02,3443,創意,480000.0,1.48
00403A,2026-07-02,6488,環球晶,2000000.0,1.39
00403A,2026-07-02,8996,高力,1560000.0,1.28
00403A,2026-07-02,7769,鴻勁,279000.0,1.13
00403A,2026-07-02,6515,穎崴,200000.0,1.08
00403A,2026-07-02,1303,南亞,7550000.0,0.86
00403A,2026-07-02,2337,旺宏,10000000.0,0.84
00403A,2026-07-02,3529,力旺,390000.0,0.67
00403A,2026-07-02,8358,金居,1950000.0,0.64
00403A,2026-07-02,2360,致茂,450000.0,0.57
00403A,2026-07-02,6805,富世達,570000.0,0.55
00403A,2026-07-02,8046,南電,795000.0,0.53
00403A,2026-07-02,3583,辛耘,900000.0,0.47
00403A,2026-07-02,5274,信驊,45000.0,0.46
00403A,2026-07-02,1560,中砂,1000000.0,0.44
00403A,2026-07-02,2317,鴻海,3200000.0,0.44
00403A,2026-07-02,3211,順達,1560000.0,0.37
00403A,2026-07-02,6196,帆宣,1000000.0,0.34
00403A,2026-07-02,4966,譜瑞-KY,900000.0,0.34
00403A,2026-07-02,6415,矽力*-KY,900000.0,0.32
00403A,2026-07-02,6442,光聖,300000.0,0.28
00403A,2026-07-02,2049,上銀,1010000.0,0.21
00403A,2026-07-02,3665,貿聯-KY,166000.0,0.2
00403A,2026-07-02,6147,頎邦,1000000.0,0.12
00403A,2026-07-02,5347,世界,1000000.0,0.11
00403A,2026-07-02,6239,力成,500000.0,0.1
00403A,2026-07-02,2455,全新,450000.0,0.09
00403A,2026-07-02,8299,群聯,1000.0,0.0
00403A,2026-07-02,8210,勤誠,1000.0,0.0
00403A,2026-07-02,4979,華星光,1000.0,0.0
00403A,2026-07-02,3081,聯亞,1000.0,0.0
00403A,2026-07-03,2330,台積電,12800000.0,18.01
00403A,2026-07-03,2303,聯電,75000000.0,7.36
00403A,2026-07-03,2327,國巨*,10050000.0,6.04
00403A,2026-07-03,3017,奇鋐,3450000.0,5.48
00403A,2026-07-03,3037,欣興,8960000.0,5.0
00403A,2026-07-03,6223,旺矽,1000000.0,4.25
00403A,2026-07-03,2344,華邦電,39600000.0,4.2
00403A,2026-07-03,2383,台光電,1140000.0,3.99
00403A,2026-07-03,2454,聯發科,1435000.0,3.46
00403A,2026-07-03,2345,智邦,2100000.0,3.3
00403A,2026-07-03,2308,台達電,2430000.0,2.9
00403A,2026-07-03,6669,緯穎,790000.0,2.39
00403A,2026-07-03,4958,臻鼎-KY,6440000.0,2.27
00403A,2026-07-03,3711,日月光投控,5600000.0,2.2
00403A,2026-07-03,2368,金像電,2750000.0,2.06
00403A,2026-07-03,6274,台燿,1700000.0,1.75
00403A,2026-07-03,3533,嘉澤,1240000.0,1.55
00403A,2026-07-03,3189,景碩,3217000.0,1.54
00403A,2026-07-03,3653,健策,780000.0,1.53
00403A,2026-07-03,6488,環球晶,2000000.0,1.44
00403A,2026-07-03,3443,創意,480000.0,1.39
00403A,2026-07-03,8996,高力,1560000.0,1.24
00403A,2026-07-03,6515,穎崴,200000.0,1.14
00403A,2026-07-03,7769,鴻勁,279000.0,1.1
00403A,2026-07-03,1303,南亞,7550000.0,0.86
00403A,2026-07-03,2337,旺宏,10000000.0,0.82
00403A,2026-07-03,8358,金居,1950000.0,0.66
00403A,2026-07-03,3529,力旺,390000.0,0.62
00403A,2026-07-03,2360,致茂,450000.0,0.59
00403A,2026-07-03,8046,南電,795000.0,0.54
00403A,2026-07-03,6805,富世達,570000.0,0.53
00403A,2026-07-03,5274,信驊,45000.0,0.45
00403A,2026-07-03,2317,鴻海,3200000.0,0.44
00403A,2026-07-03,3583,辛耘,900000.0,0.44
00403A,2026-07-03,1560,中砂,1000000.0,0.43
00403A,2026-07-03,3211,順達,1560000.0,0.36
00403A,2026-07-03,6196,帆宣,1000000.0,0.34
00403A,2026-07-03,4966,譜瑞-KY,900000.0,0.34
00403A,2026-07-03,6415,矽力*-KY,900000.0,0.31
00403A,2026-07-03,6442,光聖,300000.0,0.28
00403A,2026-07-03,2049,上銀,1010000.0,0.2
00403A,2026-07-03,3665,貿聯-KY,166000.0,0.19
00403A,2026-07-03,6147,頎邦,1000000.0,0.12
00403A,2026-07-03,6239,力成,500000.0,0.1
00403A,2026-07-03,2455,全新,450000.0,0.09
00403A,2026-07-03,3264,欣銓,300000.0,0.04
00403A,2026-07-03,8299,群聯,1000.0,0.0
00403A,2026-07-03,8210,勤誠,1000.0,0.0
00403A,2026-07-03,4979,華星光,1000.0,0.0
00403A,2026-07-03,5347,世界,1000.0,0.0
00403A,2026-07-06,2330,台積電,12800000.0,18.64
00403A,2026-07-06,2303,聯電,75000000.0,7.37
00403A,2026-07-06,2327,國巨*,10050000.0,5.98
00403A,2026-07-06,3017,奇鋐,3450000.0,5.45
00403A,2026-07-06,2344,華邦電,39600000.0,4.29
00403A,2026-07-06,3037,欣興,7500000.0,4.07
00403A,2026-07-06,6223,旺矽,1000000.0,4.06
00403A,2026-07-06,2383,台光電,1140000.0,3.69
00403A,2026-07-06,2454,聯發科,1490000.0,3.64
00403A,2026-07-06,2345,智邦,2100000.0,3.29
00403A,2026-07-06,2308,台達電,2430000.0,2.87
00403A,2026-07-06,6669,緯穎,790000.0,2.35
00403A,2026-07-06,3711,日月光投控,5600000.0,2.25
00403A,2026-07-06,4958,臻鼎-KY,6440000.0,2.21
00403A,2026-07-06,2368,金像電,2750000.0,1.99
00403A,2026-07-06,6274,台燿,1700000.0,1.64
00403A,2026-07-06,6488,環球晶,2000000.0,1.58
00403A,2026-07-06,3533,嘉澤,1240000.0,1.56
00403A,2026-07-06,3653,健策,780000.0,1.53
00403A,2026-07-06,3189,景碩,3217000.0,1.45
00403A,2026-07-06,8996,高力,1560000.0,1.32
00403A,2026-07-06,3443,創意,480000.0,1.31
00403A,2026-07-06,7769,鴻勁,279000.0,1.12
00403A,2026-07-06,6515,穎崴,200000.0,1.06
00403A,2026-07-06,2337,旺宏,10000000.0,0.86
00403A,2026-07-06,1303,南亞,7550000.0,0.83
00403A,2026-07-06,8358,金居,1950000.0,0.65
00403A,2026-07-06,2360,致茂,450000.0,0.58
00403A,2026-07-06,6805,富世達,570000.0,0.53
00403A,2026-07-06,8046,南電,795000.0,0.51
00403A,2026-07-06,2317,鴻海,3200000.0,0.46
00403A,2026-07-06,3583,辛耘,900000.0,0.46
00403A,2026-07-06,3211,順達,1800000.0,0.45
00403A,2026-07-06,3529,力旺,269000.0,0.45
00403A,2026-07-06,1560,中砂,1000000.0,0.44
00403A,2026-07-06,5274,信驊,45000.0,0.43
00403A,2026-07-06,6196,帆宣,1000000.0,0.34
00403A,2026-07-06,6415,矽力*-KY,900000.0,0.33
00403A,2026-07-06,4966,譜瑞-KY,800000.0,0.3
00403A,2026-07-06,6442,光聖,300000.0,0.28
00403A,2026-07-06,2049,上銀,1010000.0,0.22
00403A,2026-07-06,3665,貿聯-KY,166000.0,0.19
00403A,2026-07-06,6239,力成,900000.0,0.18
00403A,2026-07-06,6147,頎邦,1000000.0,0.13
00403A,2026-07-06,3264,欣銓,600000.0,0.09
00403A,2026-07-06,2455,全新,450000.0,0.09
00403A,2026-07-06,8299,群聯,1000.0,0.0
00403A,2026-07-06,8210,勤誠,1000.0,0.0
00403A,2026-07-06,4979,華星光,1000.0,0.0
00403A,2026-07-06,5347,世界,1000.0,0.0
00403A,2026-07-07,2330,台積電,12800000.0,19.44
00403A,2026-07-07,2303,聯電,75000000.0,7.23
00403A,2026-07-07,2327,國巨*,10050000.0,5.66
00403A,2026-07-07,3017,奇鋐,3450000.0,5.26
00403A,2026-07-07,2344,華邦電,39600000.0,4.29
00403A,2026-07-07,2454,聯發科,1600000.0,4.01
00403A,2026-07-07,6223,旺矽,1000000.0,3.93
00403A,2026-07-07,2383,台光電,1140000.0,3.7
00403A,2026-07-07,3037,欣興,7064000.0,3.69
00403A,2026-07-07,2345,智邦,2100000.0,3.21
00403A,2026-07-07,2308,台達電,2430000.0,2.86
00403A,2026-07-07,6669,緯穎,790000.0,2.47
00403A,2026-07-07,3711,日月光投控,5900000.0,2.39
00403A,2026-07-07,4958,臻鼎-KY,6440000.0,2.2
00403A,2026-07-07,2368,金像電,2750000.0,1.94
00403A,2026-07-07,6274,台燿,1700000.0,1.67
00403A,2026-07-07,3653,健策,780000.0,1.55
00403A,2026-07-07,3533,嘉澤,1240000.0,1.52
00403A,2026-07-07,6488,環球晶,2000000.0,1.5
00403A,2026-07-07,3189,景碩,3217000.0,1.38
00403A,2026-07-07,3443,創意,480000.0,1.34
00403A,2026-07-07,8996,高力,1560000.0,1.3
00403A,2026-07-07,7769,鴻勁,279000.0,1.07
00403A,2026-07-07,6515,穎崴,200000.0,1.0
00403A,2026-07-07,2337,旺宏,10000000.0,0.87
00403A,2026-07-07,1303,南亞,7550000.0,0.78
00403A,2026-07-07,8358,金居,1950000.0,0.63
00403A,2026-07-07,2360,致茂,450000.0,0.55
00403A,2026-07-07,6805,富世達,570000.0,0.53
00403A,2026-07-07,8046,南電,795000.0,0.51
00403A,2026-07-07,2317,鴻海,3200000.0,0.47
00403A,2026-07-07,3529,力旺,269000.0,0.46
00403A,2026-07-07,3583,辛耘,900000.0,0.45
00403A,2026-07-07,3211,順達,1800000.0,0.44
00403A,2026-07-07,1560,中砂,1000000.0,0.44
00403A,2026-07-07,5274,信驊,49500.0,0.44
00403A,2026-07-07,6196,帆宣,1000000.0,0.35
00403A,2026-07-07,4966,譜瑞-KY,800000.0,0.32
00403A,2026-07-07,6415,矽力*-KY,900000.0,0.31
00403A,2026-07-07,6442,光聖,300000.0,0.29
00403A,2026-07-07,2049,上銀,1010000.0,0.22
00403A,2026-07-07,3665,貿聯-KY,166000.0,0.2
00403A,2026-07-07,6239,力成,900000.0,0.18
00403A,2026-07-07,6147,頎邦,1000000.0,0.12
00403A,2026-07-07,3264,欣銓,600000.0,0.09
00403A,2026-07-07,2455,全新,450000.0,0.09
00403A,2026-07-07,8299,群聯,1000.0,0.0
00403A,2026-07-07,8210,勤誠,1000.0,0.0
00403A,2026-07-07,4979,華星光,1000.0,0.0
00403A,2026-07-07,5347,世界,1000.0,0.0
00403A,2026-07-08,2330,台積電,12800000.0,19.48
00403A,2026-07-08,2303,聯電,75000000.0,7.55
00403A,2026-07-08,3017,奇鋐,3450000.0,4.95
00403A,2026-07-08,2327,國巨*,9000000.0,4.95
00403A,2026-07-08,2344,華邦電,39600000.0,4.12
00403A,2026-07-08,6223,旺矽,1000000.0,3.99
00403A,2026-07-08,2454,聯發科,1600000.0,3.95
00403A,2026-07-08,3037,欣興,7064000.0,3.76
00403A,2026-07-08,2383,台光電,1140000.0,3.74
00403A,2026-07-08,2345,智邦,2100000.0,3.13
00403A,2026-07-08,2308,台達電,2430000.0,2.83
00403A,2026-07-08,6669,緯穎,790000.0,2.46
00403A,2026-07-08,3711,日月光投控,5900000.0,2.28
00403A,2026-07-08,4958,臻鼎-KY,6440000.0,2.25
00403A,2026-07-08,2368,金像電,2750000.0,1.95
00403A,2026-07-08,6274,台燿,1700000.0,1.73
00403A,2026-07-08,6488,環球晶,2100000.0,1.6
00403A,2026-07-08,3653,健策,780000.0,1.54
00403A,2026-07-08,3533,嘉澤,1240000.0,1.52
00403A,2026-07-08,3189,景碩,3217000.0,1.5
00403A,2026-07-08,3443,創意,480000.0,1.3
00403A,2026-07-08,8996,高力,1560000.0,1.27
00403A,2026-07-08,7769,鴻勁,279000.0,1.04
00403A,2026-07-08,6515,穎崴,200000.0,0.95
00403A,2026-07-08,1303,南亞,7920000.0,0.89
00403A,2026-07-08,2337,旺宏,10000000.0,0.86
00403A,2026-07-08,8046,南電,1050000.0,0.72
00403A,2026-07-08,8358,金居,1950000.0,0.63
00403A,2026-07-08,2360,致茂,450000.0,0.52
00403A,2026-07-08,6805,富世達,570000.0,0.49
00403A,2026-07-08,3211,順達,1800000.0,0.48
00403A,2026-07-08,2317,鴻海,3200000.0,0.47
00403A,2026-07-08,3583,辛耘,900000.0,0.44
00403A,2026-07-08,1560,中砂,1000000.0,0.43
00403A,2026-07-08,5274,信驊,49500.0,0.43
00403A,2026-07-08,6196,帆宣,1000000.0,0.34
00403A,2026-07-08,4966,譜瑞-KY,800000.0,0.33
00403A,2026-07-08,6415,矽力*-KY,900000.0,0.31
00403A,2026-07-08,6442,光聖,300000.0,0.28
00403A,2026-07-08,3529,力旺,160000.0,0.26
00403A,2026-07-08,2049,上銀,1010000.0,0.21
00403A,2026-07-08,3665,貿聯-KY,166000.0,0.19
00403A,2026-07-08,6239,力成,900000.0,0.18
00403A,2026-07-08,6147,頎邦,1000000.0,0.12
00403A,2026-07-08,3264,欣銓,600000.0,0.09
00403A,2026-07-08,2455,全新,450000.0,0.09
00403A,2026-07-08,8299,群聯,1000.0,0.0
00403A,2026-07-08,8210,勤誠,1000.0,0.0
00403A,2026-07-08,4979,華星光,1000.0,0.0
00403A,2026-07-08,5347,世界,1000.0,0.0
00403A,2026-07-09,2330,台積電,12800000.0,19.01
00403A,2026-07-09,2303,聯電,75000000.0,7.19
00403A,2026-07-09,3017,奇鋐,3450000.0,4.99
00403A,2026-07-09,2327,國巨*,9000000.0,4.98
00403A,2026-07-09,6223,旺矽,1000000.0,4.35
00403A,2026-07-09,2344,華邦電,39600000.0,4.3
00403A,2026-07-09,2454,聯發科,1600000.0,3.86
00403A,2026-07-09,3037,欣興,7064000.0,3.8
00403A,2026-07-09,2383,台光電,1140000.0,3.71
00403A,2026-07-09,2345,智邦,2100000.0,3.19
00403A,2026-07-09,2308,台達電,2430000.0,2.81
00403A,2026-07-09,3711,日月光投控,5900000.0,2.46
00403A,2026-07-09,6669,緯穎,790000.0,2.45
00403A,2026-07-09,4958,臻鼎-KY,6440000.0,2.33
00403A,2026-07-09,2368,金像電,2750000.0,1.82
00403A,2026-07-09,6488,環球晶,2152000.0,1.79
00403A,2026-07-09,6274,台燿,1700000.0,1.64
00403A,2026-07-09,3189,景碩,3217000.0,1.57
00403A,2026-07-09,3653,健策,780000.0,1.54
00403A,2026-07-09,3533,嘉澤,1240000.0,1.49
00403A,2026-07-09,3443,創意,480000.0,1.28
00403A,2026-07-09,8996,高力,1600000.0,1.21
00403A,2026-07-09,7769,鴻勁,279000.0,1.14
00403A,2026-07-09,6515,穎崴,200000.0,0.95
00403A,2026-07-09,1303,南亞,8500000.0,0.95
00403A,2026-07-09,8046,南電,1226000.0,0.92
00403A,2026-07-09,2337,旺宏,10000000.0,0.88
00403A,2026-07-09,8358,金居,1950000.0,0.64
00403A,2026-07-09,6805,富世達,570000.0,0.51
00403A,2026-07-09,3211,順達,1800000.0,0.5
00403A,2026-07-09,2360,致茂,450000.0,0.5
00403A,2026-07-09,2317,鴻海,3200000.0,0.47
00403A,2026-07-09,3583,辛耘,900000.0,0.45
00403A,2026-07-09,1560,中砂,1000000.0,0.44
00403A,2026-07-09,5274,信驊,49500.0,0.42
00403A,2026-07-09,4966,譜瑞-KY,800000.0,0.32
00403A,2026-07-09,6415,矽力*-KY,900000.0,0.29
00403A,2026-07-09,6442,光聖,300000.0,0.27
00403A,2026-07-09,2049,上銀,1010000.0,0.21
00403A,2026-07-09,3665,貿聯-KY,166000.0,0.19
00403A,2026-07-09,6239,力成,900000.0,0.18
00403A,2026-07-09,6196,帆宣,442000.0,0.15
00403A,2026-07-09,3264,欣銓,600000.0,0.09
00403A,2026-07-09,2455,全新,450000.0,0.09
00403A,2026-07-09,3529,力旺,50000.0,0.08
00403A,2026-07-09,8299,群聯,1000.0,0.0
00403A,2026-07-09,8210,勤誠,1000.0,0.0
00403A,2026-07-09,4979,華星光,1000.0,0.0
00403A,2026-07-09,6147,頎邦,1000.0,0.0
00403A,2026-07-09,5347,世界,1000.0,0.0
00403A,2026-07-13,2330,台積電,12800000.0,19.41
00403A,2026-07-13,2303,聯電,75000000.0,7.15
00403A,2026-07-13,3017,奇鋐,3450000.0,4.77
00403A,2026-07-13,2344,華邦電,40000000.0,4.15
00403A,2026-07-13,6223,旺矽,1000000.0,4.13
00403A,2026-07-13,2327,國巨*,7800000.0,3.96
00403A,2026-07-13,3037,欣興,7064000.0,3.96
00403A,2026-07-13,2454,聯發科,1600000.0,3.8
00403A,2026-07-13,2383,台光電,1140000.0,3.63
00403A,2026-07-13,2345,智邦,2100000.0,3.14
00403A,2026-07-13,2308,台達電,2430000.0,2.85
00403A,2026-07-13,4958,臻鼎-KY,6940000.0,2.79
00403A,2026-07-13,3711,日月光投控,5900000.0,2.46
00403A,2026-07-13,6669,緯穎,790000.0,2.43
00403A,2026-07-13,6488,環球晶,2152000.0,1.99
00403A,2026-07-13,2368,金像電,2750000.0,1.79
00403A,2026-07-13,3189,景碩,3217000.0,1.64
00403A,2026-07-13,6274,台燿,1700000.0,1.64
00403A,2026-07-13,3653,健策,780000.0,1.55
00403A,2026-07-13,3533,嘉澤,1240000.0,1.53
00403A,2026-07-13,3443,創意,480000.0,1.27
00403A,2026-07-13,8996,高力,1600000.0,1.23
00403A,2026-07-13,7769,鴻勁,279000.0,1.16
00403A,2026-07-13,8046,南電,1440000.0,1.14
00403A,2026-07-13,1303,南亞,8500000.0,1.05
00403A,2026-07-13,6515,穎崴,200000.0,0.92
00403A,2026-07-13,2337,旺宏,10000000.0,0.86
00403A,2026-07-13,8358,金居,1750000.0,0.54
00403A,2026-07-13,2360,致茂,450000.0,0.52
00403A,2026-07-13,3211,順達,1800000.0,0.51
00403A,2026-07-13,6805,富世達,570000.0,0.5
00403A,2026-07-13,2317,鴻海,3200000.0,0.47
00403A,2026-07-13,3583,辛耘,900000.0,0.44
00403A,2026-07-13,1560,中砂,1000000.0,0.43
00403A,2026-07-13,5274,信驊,49500.0,0.42
00403A,2026-07-13,4966,譜瑞-KY,800000.0,0.32
00403A,2026-07-13,6415,矽力*-KY,900000.0,0.29
00403A,2026-07-13,6442,光聖,300000.0,0.26
00403A,2026-07-13,2049,上銀,1010000.0,0.21
00403A,2026-07-13,3665,貿聯-KY,166000.0,0.19
00403A,2026-07-13,6239,力成,900000.0,0.17
00403A,2026-07-13,2455,全新,450000.0,0.09
00403A,2026-07-13,3264,欣銓,600000.0,0.08
00403A,2026-07-13,8299,群聯,1000.0,0.0
00403A,2026-07-13,6196,帆宣,1000.0,0.0
00403A,2026-07-13,8210,勤誠,1000.0,0.0
00403A,2026-07-13,4979,華星光,1000.0,0.0
00403A,2026-07-13,3529,力旺,1000.0,0.0
00403A,2026-07-13,6147,頎邦,1000.0,0.0
00403A,2026-07-13,5347,世界,1000.0,0.0
00403A,2026-07-14,2330,台積電,12800000.0,19.41
00403A,2026-07-14,2303,聯電,75000000.0,7.1
00403A,2026-07-14,3017,奇鋐,3450000.0,4.58
00403A,2026-07-14,2344,華邦電,40000000.0,4.12
00403A,2026-07-14,6223,旺矽,1000000.0,3.97
00403A,2026-07-14,3037,欣興,7064000.0,3.87
00403A,2026-07-14,2327,國巨*,7800000.0,3.8
00403A,2026-07-14,2454,聯發科,1600000.0,3.67
00403A,2026-07-14,2383,台光電,1140000.0,3.55
00403A,2026-07-14,2345,智邦,2100000.0,3.0
00403A,2026-07-14,2308,台達電,2430000.0,2.82
00403A,2026-07-14,4958,臻鼎-KY,6940000.0,2.74
00403A,2026-07-14,6669,緯穎,790000.0,2.43
00403A,2026-07-14,3711,日月光投控,5900000.0,2.37
00403A,2026-07-14,6488,環球晶,2250000.0,2.14
00403A,2026-07-14,2368,金像電,2750000.0,1.75
00403A,2026-07-14,3189,景碩,3217000.0,1.62
00403A,2026-07-14,3653,健策,780000.0,1.5
00403A,2026-07-14,3533,嘉澤,1240000.0,1.5
00403A,2026-07-14,6274,台燿,1700000.0,1.49
00403A,2026-07-14,8046,南電,1550000.0,1.25
00403A,2026-07-14,3443,創意,480000.0,1.21
00403A,2026-07-14,8996,高力,1600000.0,1.18
00403A,2026-07-14,1303,南亞,9000000.0,1.18
00403A,2026-07-14,7769,鴻勁,279000.0,1.12
00403A,2026-07-14,6515,穎崴,200000.0,0.88
00403A,2026-07-14,2337,旺宏,10000000.0,0.87
00403A,2026-07-14,5274,信驊,64500.0,0.52
00403A,2026-07-14,2360,致茂,450000.0,0.51
00403A,2026-07-14,3211,順達,1800000.0,0.5
00403A,2026-07-14,8358,金居,1750000.0,0.5
00403A,2026-07-14,6805,富世達,570000.0,0.47
00403A,2026-07-14,2317,鴻海,3200000.0,0.47
00403A,2026-07-14,3583,辛耘,900000.0,0.43
00403A,2026-07-14,1560,中砂,1000000.0,0.42
00403A,2026-07-14,4966,譜瑞-KY,800000.0,0.31
00403A,2026-07-14,6415,矽力*-KY,900000.0,0.28
00403A,2026-07-14,6442,光聖,300000.0,0.25
00403A,2026-07-14,2049,上銀,1010000.0,0.2
00403A,2026-07-14,3665,貿聯-KY,166000.0,0.18
00403A,2026-07-14,6239,力成,900000.0,0.17
00403A,2026-07-14,2455,全新,450000.0,0.09
00403A,2026-07-14,3264,欣銓,600000.0,0.08
00403A,2026-07-14,3008,大立光,30000.0,0.08
00403A,2026-07-14,8299,群聯,1000.0,0.0
00403A,2026-07-14,6196,帆宣,1000.0,0.0
00403A,2026-07-14,8210,勤誠,1000.0,0.0
00403A,2026-07-14,3529,力旺,1000.0,0.0
00403A,2026-07-14,6147,頎邦,1000.0,0.0
00403A,2026-07-14,5347,世界,1000.0,0.0
00403A,2026-07-15,2330,台積電,12800000.0,18.98
00403A,2026-07-15,2303,聯電,75000000.0,7.57
00403A,2026-07-15,3017,奇鋐,3450000.0,4.54
00403A,2026-07-15,2344,華邦電,40000000.0,4.39
00403A,2026-07-15,3037,欣興,7064000.0,4.02
00403A,2026-07-15,6223,旺矽,1000000.0,3.85
00403A,2026-07-15,2327,國巨*,7800000.0,3.78
00403A,2026-07-15,2454,聯發科,1600000.0,3.64
00403A,2026-07-15,2383,台光電,1140000.0,3.52
00403A,2026-07-15,2345,智邦,2100000.0,2.99
00403A,2026-07-15,2308,台達電,2530000.0,2.91
00403A,2026-07-15,4958,臻鼎-KY,6940000.0,2.61
00403A,2026-07-15,6669,緯穎,790000.0,2.45
00403A,2026-07-15,3711,日月光投控,5900000.0,2.45
00403A,2026-07-15,6488,環球晶,2250000.0,2.02
00403A,2026-07-15,2368,金像電,2750000.0,1.71
00403A,2026-07-15,3189,景碩,3217000.0,1.65
00403A,2026-07-15,3653,健策,780000.0,1.55
00403A,2026-07-15,3533,嘉澤,1240000.0,1.53
00403A,2026-07-15,8046,南電,1750000.0,1.5
00403A,2026-07-15,6274,台燿,1700000.0,1.48
00403A,2026-07-15,1303,南亞,9900000.0,1.37
00403A,2026-07-15,3443,創意,480000.0,1.2
00403A,2026-07-15,8996,高力,1600000.0,1.15
00403A,2026-07-15,7769,鴻勁,279000.0,1.14
00403A,2026-07-15,2337,旺宏,10000000.0,0.9
00403A,2026-07-15,6515,穎崴,200000.0,0.88
00403A,2026-07-15,5274,信驊,79500.0,0.67
00403A,2026-07-15,2360,致茂,540000.0,0.63
00403A,2026-07-15,8358,金居,1750000.0,0.49
00403A,2026-07-15,6805,富世達,570000.0,0.48
00403A,2026-07-15,3211,順達,1800000.0,0.47
00403A,2026-07-15,2317,鴻海,3200000.0,0.46
00403A,2026-07-15,3583,辛耘,900000.0,0.46
00403A,2026-07-15,1560,中砂,1000000.0,0.45
00403A,2026-07-15,4966,譜瑞-KY,800000.0,0.31
00403A,2026-07-15,3665,貿聯-KY,250000.0,0.29
00403A,2026-07-15,6415,矽力*-KY,900000.0,0.28
00403A,2026-07-15,6442,光聖,300000.0,0.26
00403A,2026-07-15,2049,上銀,1010000.0,0.2
00403A,2026-07-15,6239,力成,900000.0,0.17
00403A,2026-07-15,2455,全新,450000.0,0.09
00403A,2026-07-15,3264,欣銓,600000.0,0.08
00403A,2026-07-15,3008,大立光,30000.0,0.07
00403A,2026-07-15,2404,漢唐,60000.0,0.05
00403A,2026-07-15,8299,群聯,1000.0,0.0
00403A,2026-07-15,6196,帆宣,1000.0,0.0
00403A,2026-07-15,8210,勤誠,1000.0,0.0
00403A,2026-07-15,6147,頎邦,1000.0,0.0
00403A,2026-07-15,5347,世界,1000.0,0.0
00403A,2026-07-16,2330,台積電,12800000.0,19.52
00403A,2026-07-16,2303,聯電,75000000.0,7.41
00403A,2026-07-16,3017,奇鋐,3450000.0,4.74
00403A,2026-07-16,2344,華邦電,40000000.0,4.25
00403A,2026-07-16,3037,欣興,7064000.0,3.85
00403A,2026-07-16,6223,旺矽,1000000.0,3.84
00403A,2026-07-16,2327,國巨*,7800000.0,3.74
00403A,2026-07-16,2454,聯發科,1600000.0,3.66
00403A,2026-07-16,2383,台光電,1140000.0,3.51
00403A,2026-07-16,2308,台達電,2600000.0,3.06
00403A,2026-07-16,2345,智邦,2100000.0,3.01
00403A,2026-07-16,3711,日月光投控,6150000.0,2.59
00403A,2026-07-16,6669,緯穎,790000.0,2.5
00403A,2026-07-16,4958,臻鼎-KY,6940000.0,2.48
00403A,2026-07-16,6488,環球晶,2250000.0,1.9
00403A,2026-07-16,2368,金像電,2750000.0,1.71
00403A,2026-07-16,3653,健策,780000.0,1.64
00403A,2026-07-16,3533,嘉澤,1240000.0,1.55
00403A,2026-07-16,3189,景碩,3217000.0,1.53
00403A,2026-07-16,8046,南電,1750000.0,1.38
00403A,2026-07-16,6274,台燿,1700000.0,1.36
00403A,2026-07-16,1303,南亞,9900000.0,1.35
00403A,2026-07-16,3443,創意,480000.0,1.24
00403A,2026-07-16,7769,鴻勁,279000.0,1.15
00403A,2026-07-16,8996,高力,1600000.0,1.11
00403A,2026-07-16,2337,旺宏,10000000.0,0.84
00403A,2026-07-16,2360,致茂,680000.0,0.84
00403A,2026-07-16,6515,穎崴,200000.0,0.83
00403A,2026-07-16,5274,信驊,94500.0,0.81
00403A,2026-07-16,6805,富世達,570000.0,0.5
00403A,2026-07-16,2317,鴻海,3200000.0,0.48
00403A,2026-07-16,3211,順達,1800000.0,0.47
00403A,2026-07-16,8358,金居,1750000.0,0.47
00403A,2026-07-16,3583,辛耘,900000.0,0.46
00403A,2026-07-16,3665,貿聯-KY,300000.0,0.36
00403A,2026-07-16,1560,中砂,750000.0,0.34
00403A,2026-07-16,4966,譜瑞-KY,800000.0,0.31
00403A,2026-07-16,6415,矽力*-KY,900000.0,0.26
00403A,2026-07-16,6442,光聖,300000.0,0.25
00403A,2026-07-16,2049,上銀,1010000.0,0.21
00403A,2026-07-16,6239,力成,900000.0,0.18
00403A,2026-07-16,3008,大立光,60000.0,0.16
00403A,2026-07-16,3264,欣銓,600000.0,0.09
00403A,2026-07-16,2455,全新,450000.0,0.09
00403A,2026-07-16,2404,漢唐,60000.0,0.05
00403A,2026-07-16,8299,群聯,1000.0,0.0
00403A,2026-07-16,6196,帆宣,1000.0,0.0
00403A,2026-07-16,8210,勤誠,1000.0,0.0
00403A,2026-07-16,6147,頎邦,1000.0,0.0
00403A,2026-07-16,5347,世界,1000.0,0.0
00403A,2026-07-17,2330,台積電,12800000.0,18.93
00403A,2026-07-17,2303,聯電,75000000.0,6.97
00403A,2026-07-17,3017,奇鋐,3450000.0,4.9
00403A,2026-07-17,2344,華邦電,40000000.0,4.0
00403A,2026-07-17,6223,旺矽,1000000.0,3.62
00403A,2026-07-17,3037,欣興,7064000.0,3.62
00403A,2026-07-17,2454,聯發科,1650000.0,3.59
00403A,2026-07-17,2383,台光電,1140000.0,3.31
00403A,2026-07-17,2327,國巨*,7000000.0,3.16
00403A,2026-07-17,2308,台達電,2700000.0,3.03
00403A,2026-07-17,2345,智邦,2170000.0,2.93
00403A,2026-07-17,3711,日月光投控,6150000.0,2.44
00403A,2026-07-17,6669,緯穎,790000.0,2.36
00403A,2026-07-17,4958,臻鼎-KY,6934000.0,2.33
00403A,2026-07-17,6488,環球晶,2250000.0,1.8
00403A,2026-07-17,2368,金像電,2750000.0,1.65
00403A,2026-07-17,3653,健策,780000.0,1.62
00403A,2026-07-17,3533,嘉澤,1240000.0,1.49
00403A,2026-07-17,3189,景碩,3217000.0,1.44
00403A,2026-07-17,8046,南電,1750000.0,1.3
00403A,2026-07-17,6274,台燿,1700000.0,1.28
00403A,2026-07-17,1303,南亞,9900000.0,1.27
00403A,2026-07-17,3443,創意,480000.0,1.19
00403A,2026-07-17,7769,鴻勁,279000.0,1.09
00403A,2026-07-17,8996,高力,1600000.0,1.05
00403A,2026-07-17,2337,旺宏,10000000.0,0.81
00403A,2026-07-17,2360,致茂,680000.0,0.81
00403A,2026-07-17,5274,信驊,94500.0,0.79
00403A,2026-07-17,6515,穎崴,171000.0,0.67
00403A,2026-07-17,6805,富世達,570000.0,0.5
00403A,2026-07-17,2317,鴻海,3200000.0,0.48
00403A,2026-07-17,3211,順達,1800000.0,0.45
00403A,2026-07-17,8358,金居,1750000.0,0.45
00403A,2026-07-17,3583,辛耘,900000.0,0.43
00403A,2026-07-17,3665,貿聯-KY,300000.0,0.34
00403A,2026-07-17,1560,中砂,750000.0,0.32
00403A,2026-07-17,4966,譜瑞-KY,800000.0,0.3
00403A,2026-07-17,6442,光聖,300000.0,0.25
00403A,2026-07-17,6415,矽力*-KY,900000.0,0.25
00403A,2026-07-17,2049,上銀,1010000.0,0.2
00403A,2026-07-17,6239,力成,900000.0,0.17
00403A,2026-07-17,3008,大立光,60000.0,0.16
00403A,2026-07-17,2404,漢唐,140000.0,0.1
00403A,2026-07-17,3264,欣銓,600000.0,0.08
00403A,2026-07-17,2455,全新,450000.0,0.08
00403A,2026-07-17,8299,群聯,1000.0,0.0
00403A,2026-07-17,6196,帆宣,1000.0,0.0
00403A,2026-07-17,8210,勤誠,1000.0,0.0
00403A,2026-07-17,6147,頎邦,1000.0,0.0
00403A,2026-07-17,5347,世界,1000.0,0.0
00403A,2026-07-20,2330,台積電,12800000.0,19.08
00403A,2026-07-20,2303,聯電,75000000.0,6.26
00403A,2026-07-20,3017,奇鋐,3450000.0,4.73
00403A,2026-07-20,2344,華邦電,40000000.0,3.88
00403A,2026-07-20,2454,聯發科,1650000.0,3.54
00403A,2026-07-20,6223,旺矽,1000000.0,3.5
00403A,2026-07-20,3037,欣興,7064000.0,3.4
00403A,2026-07-20,2383,台光電,1140000.0,3.22
00403A,2026-07-20,2308,台達電,2700000.0,2.96
00403A,2026-07-20,2345,智邦,2170000.0,2.91
00403A,2026-07-20,2327,國巨*,6000000.0,2.43
00403A,2026-07-20,6669,緯穎,790000.0,2.38
00403A,2026-07-20,3711,日月光投控,6150000.0,2.36
00403A,2026-07-20,4958,臻鼎-KY,6934000.0,2.13
00403A,2026-07-20,6488,環球晶,2350000.0,1.91
00403A,2026-07-20,3653,健策,800000.0,1.64
00403A,2026-07-20,3533,嘉澤,1240000.0,1.52
00403A,2026-07-20,3189,景碩,3217000.0,1.4
00403A,2026-07-20,8046,南電,1750000.0,1.24
00403A,2026-07-20,2368,金像電,2060000.0,1.23
00403A,2026-07-20,6274,台燿,1700000.0,1.23
00403A,2026-07-20,1303,南亞,9900000.0,1.19
00403A,2026-07-20,3443,創意,480000.0,1.15
00403A,2026-07-20,7769,鴻勁,279000.0,1.08
00403A,2026-07-20,8996,高力,1600000.0,1.0
00403A,2026-07-20,5274,信驊,109500.0,0.91
00403A,2026-07-20,2360,致茂,680000.0,0.8
00403A,2026-07-20,2337,旺宏,10000000.0,0.75
00403A,2026-07-20,6515,穎崴,161000.0,0.63
00403A,2026-07-20,6805,富世達,570000.0,0.48
00403A,2026-07-20,2317,鴻海,3200000.0,0.48
00403A,2026-07-20,8358,金居,1750000.0,0.42
00403A,2026-07-20,3665,貿聯-KY,360000.0,0.42
00403A,2026-07-20,3583,辛耘,900000.0,0.42
00403A,2026-07-20,3211,順達,1800000.0,0.41
00403A,2026-07-20,1560,中砂,750000.0,0.31
00403A,2026-07-20,4966,譜瑞-KY,800000.0,0.29
00403A,2026-07-20,6415,矽力*-KY,900000.0,0.25
00403A,2026-07-20,6442,光聖,300000.0,0.24
00403A,2026-07-20,2049,上銀,1010000.0,0.19
00403A,2026-07-20,3008,大立光,60000.0,0.15
00403A,2026-07-20,6239,力成,900000.0,0.15
00403A,2026-07-20,2404,漢唐,140000.0,0.1
00403A,2026-07-20,3264,欣銓,600000.0,0.08
00403A,2026-07-20,2455,全新,336000.0,0.06
00403A,2026-07-20,8299,群聯,1000.0,0.0
00403A,2026-07-20,6196,帆宣,1000.0,0.0
00403A,2026-07-20,8210,勤誠,1000.0,0.0
00403A,2026-07-20,6147,頎邦,1000.0,0.0
00403A,2026-07-20,5347,世界,1000.0,0.0
00403A,2026-07-21,2330,台積電,12800000.0,18.78
00403A,2026-07-21,2303,聯電,75000000.0,6.14
00403A,2026-07-21,3017,奇鋐,3450000.0,4.87
00403A,2026-07-21,2344,華邦電,40000000.0,3.79
00403A,2026-07-21,2454,聯發科,1680000.0,3.75
00403A,2026-07-21,2383,台光電,1260000.0,3.7
00403A,2026-07-21,3037,欣興,7142000.0,3.59
00403A,2026-07-21,6223,旺矽,1000000.0,3.58
00403A,2026-07-21,2308,台達電,2820000.0,3.15
00403A,2026-07-21,2345,智邦,2200000.0,2.97
00403A,2026-07-21,3711,日月光投控,6400000.0,2.47
00403A,2026-07-21,2327,國巨*,6000000.0,2.45
00403A,2026-07-21,6669,緯穎,790000.0,2.4
00403A,2026-07-21,4958,臻鼎-KY,6934000.0,2.15
00403A,2026-07-21,3653,健策,874000.0,1.87
00403A,2026-07-21,6488,環球晶,2350000.0,1.72
00403A,2026-07-21,3533,嘉澤,1240000.0,1.53
00403A,2026-07-21,3189,景碩,3217000.0,1.46
00403A,2026-07-21,8046,南電,1750000.0,1.27
00403A,2026-07-21,6274,台燿,1680000.0,1.26
00403A,2026-07-21,2368,金像電,2060000.0,1.23
00403A,2026-07-21,3443,創意,480000.0,1.2
00403A,2026-07-21,7769,鴻勁,300000.0,1.19
00403A,2026-07-21,1303,南亞,9900000.0,1.18
00403A,2026-07-21,8996,高力,1600000.0,0.96
00403A,2026-07-21,5274,信驊,109500.0,0.94
00403A,2026-07-21,2360,致茂,680000.0,0.83
00403A,2026-07-21,2337,旺宏,10000000.0,0.75
00403A,2026-07-21,6515,穎崴,149000.0,0.6
00403A,2026-07-21,6805,富世達,620000.0,0.53
00403A,2026-07-21,2317,鴻海,3200000.0,0.48
00403A,2026-07-21,3665,貿聯-KY,376000.0,0.46
00403A,2026-07-21,3211,順達,1800000.0,0.42
00403A,2026-07-21,8358,金居,1750000.0,0.42
00403A,2026-07-21,3583,辛耘,900000.0,0.41
00403A,2026-07-21,1560,中砂,750000.0,0.31
00403A,2026-07-21,4966,譜瑞-KY,800000.0,0.28
00403A,2026-07-21,6415,矽力*-KY,900000.0,0.25
00403A,2026-07-21,6239,力成,1400000.0,0.23
00403A,2026-07-21,2049,上銀,1010000.0,0.19
00403A,2026-07-21,6442,光聖,225000.0,0.17
00403A,2026-07-21,3008,大立光,60000.0,0.15
00403A,2026-07-21,2404,漢唐,140000.0,0.1
00403A,2026-07-21,3264,欣銓,600000.0,0.08
00403A,2026-07-21,2455,全新,336000.0,0.06
00403A,2026-07-21,6285,啟碁,100000.0,0.01
00403A,2026-07-21,8299,群聯,1000.0,0.0
00403A,2026-07-21,6196,帆宣,1000.0,0.0
00403A,2026-07-21,6147,頎邦,1000.0,0.0
00403A,2026-07-21,5347,世界,1000.0,0.0
00403A,2026-07-22,2330,台積電,12200000.0,17.34
00403A,2026-07-22,2303,聯電,76000000.0,6.25
00403A,2026-07-22,3017,奇鋐,3450000.0,4.63
00403A,2026-07-22,2344,華邦電,40000000.0,4.05
00403A,2026-07-22,2383,台光電,1330000.0,4.04
00403A,2026-07-22,3037,欣興,7530000.0,4.04
00403A,2026-07-22,2454,聯發科,1730000.0,3.94
00403A,2026-07-22,6223,旺矽,1000000.0,3.55
00403A,2026-07-22,2308,台達電,2920000.0,3.25
00403A,2026-07-22,2345,智邦,2260000.0,3.06
00403A,2026-07-22,6669,緯穎,790000.0,2.57
00403A,2026-07-22,2327,國巨*,6000000.0,2.5
00403A,2026-07-22,3711,日月光投控,6400000.0,2.49
00403A,2026-07-22,4958,臻鼎-KY,6934000.0,2.3
00403A,2026-07-22,3653,健策,874000.0,1.81
00403A,2026-07-22,6488,環球晶,2350000.0,1.73
00403A,2026-07-22,3189,景碩,3217000.0,1.52
00403A,2026-07-22,3533,嘉澤,1240000.0,1.48
00403A,2026-07-22,6274,台燿,1680000.0,1.35
00403A,2026-07-22,8046,南電,1750000.0,1.35
00403A,2026-07-22,3443,創意,510000.0,1.32
00403A,2026-07-22,1303,南亞,10700000.0,1.32
00403A,2026-07-22,2368,金像電,2060000.0,1.15
00403A,2026-07-22,7769,鴻勁,300000.0,1.14
00403A,2026-07-22,8996,高力,1600000.0,1.02
00403A,2026-07-22,5274,信驊,109500.0,1.01
00403A,2026-07-22,2360,致茂,760000.0,0.96
00403A,2026-07-22,2337,旺宏,10000000.0,0.8
00403A,2026-07-22,3665,貿聯-KY,490000.0,0.61
00403A,2026-07-22,6515,穎崴,149000.0,0.57
00403A,2026-07-22,6805,富世達,620000.0,0.51
00403A,2026-07-22,2317,鴻海,3200000.0,0.48
00403A,2026-07-22,3211,順達,2000000.0,0.47
00403A,2026-07-22,8358,金居,1750000.0,0.43
00403A,2026-07-22,3583,辛耘,900000.0,0.41
00403A,2026-07-22,6239,力成,1900000.0,0.33
00403A,2026-07-22,1560,中砂,750000.0,0.31
00403A,2026-07-22,4966,譜瑞-KY,800000.0,0.29
00403A,2026-07-22,6415,矽力*-KY,900000.0,0.26
00403A,2026-07-22,2049,上銀,1010000.0,0.19
00403A,2026-07-22,6442,光聖,225000.0,0.18
00403A,2026-07-22,3008,大立光,60000.0,0.14
00403A,2026-07-22,2404,漢唐,180000.0,0.13
00403A,2026-07-22,3264,欣銓,600000.0,0.08
00403A,2026-07-22,2455,全新,336000.0,0.06
00403A,2026-07-22,6285,啟碁,250000.0,0.04
00403A,2026-07-22,8299,群聯,1000.0,0.0
00403A,2026-07-22,6196,帆宣,1000.0,0.0
00403A,2026-07-22,6147,頎邦,1000.0,0.0
00403A,2026-07-22,5347,世界,1000.0,0.0
00403A,2026-07-23,2330,台積電,11600000.0,16.55
00403A,2026-07-23,2303,聯電,76000000.0,6.24
00403A,2026-07-23,3017,奇鋐,3450000.0,4.99
00403A,2026-07-23,3037,欣興,7600000.0,4.04
00403A,2026-07-23,2383,台光電,1330000.0,4.02
00403A,2026-07-23,2454,聯發科,1730000.0,3.98
00403A,2026-07-23,2344,華邦電,40000000.0,3.82
00403A,2026-07-23,6223,旺矽,1000000.0,3.71
00403A,2026-07-23,2308,台達電,3040000.0,3.39
00403A,2026-07-23,2345,智邦,2260000.0,3.12
00403A,2026-07-23,2327,國巨*,6000000.0,2.48
00403A,2026-07-23,3711,日月光投控,6400000.0,2.46
00403A,2026-07-23,3653,健策,931000.0,2.05
00403A,2026-07-23,6669,緯穎,600000.0,1.95
00403A,2026-07-23,4958,臻鼎-KY,6154000.0,1.85
00403A,2026-07-23,6488,環球晶,2350000.0,1.56
00403A,2026-07-23,3189,景碩,3217000.0,1.5
00403A,2026-07-23,3533,嘉澤,1240000.0,1.5
00403A,2026-07-23,6274,台燿,1680000.0,1.33
00403A,2026-07-23,3443,創意,510000.0,1.32
00403A,2026-07-23,8046,南電,1750000.0,1.28
00403A,2026-07-23,1303,南亞,10700000.0,1.25
00403A,2026-07-23,2368,金像電,2060000.0,1.15
00403A,2026-07-23,5274,信驊,124500.0,1.15
00403A,2026-07-23,7769,鴻勁,300000.0,1.15
00403A,2026-07-23,8996,高力,1600000.0,1.02
00403A,2026-07-23,2360,致茂,760000.0,0.97
00403A,2026-07-23,3665,貿聯-KY,600000.0,0.81
00403A,2026-07-23,2337,旺宏,10000000.0,0.77
00403A,2026-07-23,6805,富世達,700000.0,0.6
00403A,2026-07-23,6515,穎崴,149000.0,0.58
00403A,2026-07-23,2317,鴻海,3200000.0,0.49
00403A,2026-07-23,3211,順達,2000000.0,0.46
00403A,2026-07-23,8358,金居,1750000.0,0.42
00403A,2026-07-23,6239,力成,2350000.0,0.41
00403A,2026-07-23,3583,辛耘,900000.0,0.41
00403A,2026-07-23,1560,中砂,750000.0,0.31
00403A,2026-07-23,4966,譜瑞-KY,800000.0,0.29
00403A,2026-07-23,6415,矽力*-KY,900000.0,0.25
00403A,2026-07-23,6442,光聖,225000.0,0.19
00403A,2026-07-23,2049,上銀,1010000.0,0.19
00403A,2026-07-23,3008,大立光,60000.0,0.15
00403A,2026-07-23,2404,漢唐,180000.0,0.12
00403A,2026-07-23,3264,欣銓,600000.0,0.08
00403A,2026-07-23,2455,全新,336000.0,0.07
00403A,2026-07-23,6285,啟碁,250000.0,0.04
00403A,2026-07-23,8299,群聯,1000.0,0.0
00403A,2026-07-23,6196,帆宣,1000.0,0.0
00403A,2026-07-23,6147,頎邦,1000.0,0.0
00403A,2026-07-23,5347,世界,1000.0,0.0
00403A,2026-07-24,2330,台積電,11600000.0,16.82
00403A,2026-07-24,2303,聯電,76000000.0,6.0
00403A,2026-07-24,3017,奇鋐,3450000.0,5.07
00403A,2026-07-24,2454,聯發科,1730000.0,4.0
00403A,2026-07-24,3037,欣興,7600000.0,3.93
00403A,2026-07-24,2383,台光電,1330000.0,3.9
00403A,2026-07-24,2344,華邦電,40000000.0,3.81
00403A,2026-07-24,6223,旺矽,1000000.0,3.52
00403A,2026-07-24,2308,台達電,3040000.0,3.35
00403A,2026-07-24,2345,智邦,2260000.0,3.1
00403A,2026-07-24,3711,日月光投控,6400000.0,2.42
00403A,2026-07-24,2327,國巨*,6000000.0,2.38
00403A,2026-07-24,6669,緯穎,600000.0,2.12
00403A,2026-07-24,3653,健策,931000.0,1.97
00403A,2026-07-24,4958,臻鼎-KY,6154000.0,1.83
00403A,2026-07-24,3533,嘉澤,1240000.0,1.51
00403A,2026-07-24,6488,環球晶,2350000.0,1.49
00403A,2026-07-24,3189,景碩,3217000.0,1.41
00403A,2026-07-24,6274,台燿,1680000.0,1.3
00403A,2026-07-24,3443,創意,510000.0,1.28
00403A,2026-07-24,8046,南電,1750000.0,1.2
00403A,2026-07-24,1303,南亞,10700000.0,1.17
00403A,2026-07-24,5274,信驊,124500.0,1.13
00403A,2026-07-24,7769,鴻勁,300000.0,1.12
00403A,2026-07-24,2368,金像電,1800000.0,1.0
00403A,2026-07-24,8996,高力,1600000.0,0.99
00403A,2026-07-24,2360,致茂,760000.0,0.98
00403A,2026-07-24,3665,貿聯-KY,680000.0,0.93
00403A,2026-07-24,2337,旺宏,10000000.0,0.77
00403A,2026-07-24,6805,富世達,700000.0,0.61
00403A,2026-07-24,6515,穎崴,149000.0,0.58
00403A,2026-07-24,2317,鴻海,3200000.0,0.5
00403A,2026-07-24,3211,順達,2000000.0,0.47
00403A,2026-07-24,6239,力成,2600000.0,0.45
00403A,2026-07-24,8358,金居,1750000.0,0.4
00403A,2026-07-24,3583,辛耘,900000.0,0.4
00403A,2026-07-24,1560,中砂,750000.0,0.31
00403A,2026-07-24,4966,譜瑞-KY,800000.0,0.3
00403A,2026-07-24,6415,矽力*-KY,900000.0,0.26
00403A,2026-07-24,2049,上銀,1010000.0,0.2
00403A,2026-07-24,6442,光聖,225000.0,0.18
00403A,2026-07-24,3008,大立光,60000.0,0.15
00403A,2026-07-24,2404,漢唐,180000.0,0.12
00403A,2026-07-24,3264,欣銓,600000.0,0.08
00403A,2026-07-24,2455,全新,336000.0,0.07
00403A,2026-07-24,6285,啟碁,250000.0,0.04
00403A,2026-07-24,8299,群聯,1000.0,0.0
00403A,2026-07-24,6196,帆宣,1000.0,0.0
00403A,2026-07-24,6147,頎邦,1000.0,0.0
00403A,2026-07-24,5347,世界,1000.0,0.0
00403A,2026-07-27,2330,台積電,11600000.0,16.7
00403A,2026-07-27,2303,聯電,76000000.0,5.87
00403A,2026-07-27,3017,奇鋐,3450000.0,5.07
00403A,2026-07-27,2383,台光電,1360000.0,4.01
00403A,2026-07-27,3037,欣興,7600000.0,3.95
00403A,2026-07-27,2344,華邦電,40000000.0,3.92
00403A,2026-07-27,2454,聯發科,1730000.0,3.9
00403A,2026-07-27,6223,旺矽,1000000.0,3.5
00403A,2026-07-27,2308,台達電,3040000.0,3.27
00403A,2026-07-27,2345,智邦,2260000.0,3.1
00403A,2026-07-27,3711,日月光投控,6400000.0,2.38
00403A,2026-07-27,2327,國巨*,6000000.0,2.3
00403A,2026-07-27,6669,緯穎,600000.0,2.11
00403A,2026-07-27,3653,健策,931000.0,2.01
00403A,2026-07-27,4958,臻鼎-KY,6154000.0,1.77
00403A,2026-07-27,6488,環球晶,2350000.0,1.53
00403A,2026-07-27,3533,嘉澤,1240000.0,1.48
00403A,2026-07-27,3189,景碩,3217000.0,1.4
00403A,2026-07-27,6274,台燿,1680000.0,1.29
00403A,2026-07-27,3443,創意,510000.0,1.27
00403A,2026-07-27,8046,南電,1750000.0,1.15
00403A,2026-07-27,1303,南亞,10700000.0,1.14
00403A,2026-07-27,5274,信驊,124500.0,1.12
00403A,2026-07-27,7769,鴻勁,300000.0,1.12
00403A,2026-07-27,3665,貿聯-KY,750000.0,0.99
00403A,2026-07-27,2368,金像電,1800000.0,0.99
00403A,2026-07-27,8996,高力,1600000.0,0.98
00403A,2026-07-27,2360,致茂,760000.0,0.98
00403A,2026-07-27,2337,旺宏,10000000.0,0.77
00403A,2026-07-27,6805,富世達,700000.0,0.62
00403A,2026-07-27,6515,穎崴,149000.0,0.58
00403A,2026-07-27,2317,鴻海,3200000.0,0.5
00403A,2026-07-27,3211,順達,2000000.0,0.46
00403A,2026-07-27,6239,力成,2600000.0,0.44
00403A,2026-07-27,1560,中砂,1000000.0,0.42
00403A,2026-07-27,3583,辛耘,900000.0,0.41
00403A,2026-07-27,8358,金居,1750000.0,0.4
00403A,2026-07-27,4966,譜瑞-KY,800000.0,0.3
00403A,2026-07-27,6415,矽力*-KY,900000.0,0.25
00403A,2026-07-27,2049,上銀,1010000.0,0.2
00403A,2026-07-27,6442,光聖,225000.0,0.18
00403A,2026-07-27,3008,大立光,60000.0,0.15
00403A,2026-07-27,2404,漢唐,180000.0,0.12
00403A,2026-07-27,3264,欣銓,600000.0,0.08
00403A,2026-07-27,2455,全新,336000.0,0.07
00403A,2026-07-27,3450,聯鈞,200000.0,0.05
00403A,2026-07-27,6285,啟碁,250000.0,0.04
00403A,2026-07-27,8299,群聯,1000.0,0.0
00403A,2026-07-27,6196,帆宣,1000.0,0.0
00403A,2026-07-27,5347,世界,1000.0,0.0
00403A,2026-07-28,2330,台積電,11600000.0,16.91
00403A,2026-07-28,2303,聯電,76000000.0,5.52
00403A,2026-07-28,3017,奇鋐,3450000.0,4.94
00403A,2026-07-28,2383,台光電,1360000.0,3.84
00403A,2026-07-28,3037,欣興,7600000.0,3.71
00403A,2026-07-28,2344,華邦電,40000000.0,3.68
00403A,2026-07-28,2454,聯發科,1730000.0,3.67
00403A,2026-07-28,6223,旺矽,1000000.0,3.3
00403A,2026-07-28,2308,台達電,3040000.0,3.07
00403A,2026-07-28,2345,智邦,2260000.0,2.95
00403A,2026-07-28,3711,日月光投控,6400000.0,2.27
00403A,2026-07-28,2327,國巨*,6000000.0,2.16
00403A,2026-07-28,6669,緯穎,600000.0,2.04
00403A,2026-07-28,3653,健策,931000.0,2.01
00403A,2026-07-28,4958,臻鼎-KY,6154000.0,1.68
00403A,2026-07-28,3533,嘉澤,1240000.0,1.46
00403A,2026-07-28,6488,環球晶,2350000.0,1.44
00403A,2026-07-28,3189,景碩,3217000.0,1.31
00403A,2026-07-28,6274,台燿,1680000.0,1.21
00403A,2026-07-28,3443,創意,510000.0,1.19
00403A,2026-07-28,3665,貿聯-KY,825000.0,1.17
00403A,2026-07-28,7769,鴻勁,300000.0,1.1
00403A,2026-07-28,8046,南電,1750000.0,1.09
00403A,2026-07-28,1303,南亞,10700000.0,1.07
00403A,2026-07-28,5274,信驊,124500.0,1.05
00403A,2026-07-28,2360,致茂,760000.0,0.94
00403A,2026-07-28,8996,高力,1600000.0,0.93
00403A,2026-07-28,2368,金像電,1800000.0,0.93
00403A,2026-07-28,2337,旺宏,10000000.0,0.72
00403A,2026-07-28,6805,富世達,700000.0,0.6
00403A,2026-07-28,6515,穎崴,149000.0,0.57
00403A,2026-07-28,2317,鴻海,3200000.0,0.49
00403A,2026-07-28,3211,順達,2000000.0,0.43
00403A,2026-07-28,6239,力成,2600000.0,0.42
00403A,2026-07-28,1560,中砂,1000000.0,0.41
00403A,2026-07-28,3583,辛耘,900000.0,0.4
00403A,2026-07-28,8358,金居,1750000.0,0.37
00403A,2026-07-28,4966,譜瑞-KY,800000.0,0.3
00403A,2026-07-28,6415,矽力*-KY,834000.0,0.22
00403A,2026-07-28,3008,大立光,80000.0,0.2
00403A,2026-07-28,2049,上銀,1010000.0,0.19
00403A,2026-07-28,6442,光聖,225000.0,0.18
00403A,2026-07-28,2404,漢唐,180000.0,0.12
00403A,2026-07-28,3450,聯鈞,300000.0,0.08
00403A,2026-07-28,3264,欣銓,600000.0,0.07
00403A,2026-07-28,2455,全新,336000.0,0.07
00403A,2026-07-28,6285,啟碁,250000.0,0.04
00403A,2026-07-28,8299,群聯,1000.0,0.0
00403A,2026-07-28,6196,帆宣,1000.0,0.0
00403A,2026-07-28,5347,世界,1000.0,0.0
00403A,2026-07-29,2330,台積電,11760000.0,17.07
00403A,2026-07-29,2303,聯電,76000000.0,5.14
00403A,2026-07-29,3017,奇鋐,3450000.0,4.77
00403A,2026-07-29,2383,台光電,1360000.0,3.68
00403A,2026-07-29,2454,聯發科,1730000.0,3.6
00403A,2026-07-29,3037,欣興,7600000.0,3.45
00403A,2026-07-29,2344,華邦電,40000000.0,3.43
00403A,2026-07-29,6223,旺矽,1000000.0,3.16
00403A,2026-07-29,2308,台達電,3040000.0,3.0
00403A,2026-07-29,2345,智邦,2260000.0,2.85
00403A,2026-07-29,3653,健策,990000.0,2.16
00403A,2026-07-29,3711,日月光投控,6400000.0,2.11
00403A,2026-07-29,6669,緯穎,600000.0,2.03
00403A,2026-07-29,2327,國巨*,6000000.0,2.01
00403A,2026-07-29,4958,臻鼎-KY,6154000.0,1.64
00403A,2026-07-29,3533,嘉澤,1240000.0,1.41
00403A,2026-07-29,6488,環球晶,2350000.0,1.34
00403A,2026-07-29,3189,景碩,3217000.0,1.22
00403A,2026-07-29,3665,貿聯-KY,880000.0,1.21
00403A,2026-07-29,6274,台燿,1680000.0,1.13
00403A,2026-07-29,3443,創意,510000.0,1.11
00403A,2026-07-29,5274,信驊,124500.0,1.06
00403A,2026-07-29,8046,南電,1750000.0,1.02
00403A,2026-07-29,7769,鴻勁,300000.0,1.02
00403A,2026-07-29,2360,致茂,760000.0,0.92
00403A,2026-07-29,8996,高力,1600000.0,0.91
00403A,2026-07-29,6805,富世達,700000.0,0.58
00403A,2026-07-29,2368,金像電,1080000.0,0.52
00403A,2026-07-29,2337,旺宏,7498000.0,0.5
00403A,2026-07-29,2317,鴻海,3200000.0,0.5
00403A,2026-07-29,6515,穎崴,119000.0,0.43
00403A,2026-07-29,1303,南亞,4587000.0,0.43
00403A,2026-07-29,3211,順達,2000000.0,0.41
00403A,2026-07-29,6239,力成,2600000.0,0.4
00403A,2026-07-29,1560,中砂,1000000.0,0.39
00403A,2026-07-29,3583,辛耘,900000.0,0.37
00403A,2026-07-29,8358,金居,1604000.0,0.32
00403A,2026-07-29,4966,譜瑞-KY,800000.0,0.3
00403A,2026-07-29,3008,大立光,110000.0,0.28
00403A,2026-07-29,2049,上銀,1010000.0,0.19
00403A,2026-07-29,6442,光聖,225000.0,0.16
00403A,2026-07-29,6415,矽力*-KY,624000.0,0.15
00403A,2026-07-29,2404,漢唐,180000.0,0.12
00403A,2026-07-29,3264,欣銓,700000.0,0.08
00403A,2026-07-29,3450,聯鈞,300000.0,0.07
00403A,2026-07-29,2455,全新,336000.0,0.06
00403A,2026-07-29,6285,啟碁,250000.0,0.04
00403A,2026-07-29,8299,群聯,1000.0,0.0
00403A,2026-07-29,6196,帆宣,1000.0,0.0
00403A,2026-07-29,5347,世界,1000.0,0.0
00403A,2026-07-30,2330,台積電,12000000.0,17.4
00403A,2026-07-30,2303,聯電,76000000.0,5.5
00403A,2026-07-30,3017,奇鋐,3450000.0,4.79
00403A,2026-07-30,2383,台光電,1405000.0,3.99
00403A,2026-07-30,2454,聯發科,1795000.0,3.82
00403A,2026-07-30,3037,欣興,7600000.0,3.58
00403A,2026-07-30,6223,旺矽,1000000.0,3.16
00403A,2026-07-30,2344,華邦電,40000000.0,3.12
00403A,2026-07-30,2308,台達電,3040000.0,3.06
00403A,2026-07-30,2345,智邦,2290000.0,2.91
00403A,2026-07-30,3711,日月光投控,6400000.0,2.13
00403A,2026-07-30,3653,健策,990000.0,2.04
00403A,2026-07-30,6669,緯穎,600000.0,1.93
00403A,2026-07-30,2327,國巨*,6000000.0,1.8
00403A,2026-07-30,4958,臻鼎-KY,6154000.0,1.52
00403A,2026-07-30,3533,嘉澤,1240000.0,1.38
00403A,2026-07-30,5274,信驊,144500.0,1.25
00403A,2026-07-30,3189,景碩,3217000.0,1.22
00403A,2026-07-30,6488,環球晶,2350000.0,1.2
00403A,2026-07-30,3443,創意,510000.0,1.16
00403A,2026-07-30,6274,台燿,1680000.0,1.12
00403A,2026-07-30,3665,貿聯-KY,880000.0,1.11
00403A,2026-07-30,7769,鴻勁,300000.0,1.11
00403A,2026-07-30,2360,致茂,840000.0,1.06
00403A,2026-07-30,8046,南電,1750000.0,0.96
00403A,2026-07-30,8996,高力,1600000.0,0.82
00403A,2026-07-30,6805,富世達,700000.0,0.57
00403A,2026-07-30,2317,鴻海,3200000.0,0.48
00403A,2026-07-30,2337,旺宏,7498000.0,0.45
00403A,2026-07-30,1303,南亞,4587000.0,0.44
00403A,2026-07-30,3211,順達,2000000.0,0.38
00403A,2026-07-30,1560,中砂,1000000.0,0.38
00403A,2026-07-30,6239,力成,2600000.0,0.37
00403A,2026-07-30,3583,辛耘,900000.0,0.35
00403A,2026-07-30,3008,大立光,140000.0,0.34
00403A,2026-07-30,6515,穎崴,89000.0,0.31
00403A,2026-07-30,4966,譜瑞-KY,800000.0,0.28
00403A,2026-07-30,8358,金居,1312000.0,0.23
00403A,2026-07-30,2368,金像電,420000.0,0.2
00403A,2026-07-30,2049,上銀,1010000.0,0.19
00403A,2026-07-30,6442,光聖,225000.0,0.16
00403A,2026-07-30,6415,矽力*-KY,624000.0,0.15
00403A,2026-07-30,2404,漢唐,180000.0,0.12
00403A,2026-07-30,3264,欣銓,700000.0,0.07
00403A,2026-07-30,3450,聯鈞,300000.0,0.07
00403A,2026-07-30,2455,全新,336000.0,0.06
00403A,2026-07-30,6285,啟碁,250000.0,0.03
00403A,2026-07-30,8299,群聯,1000.0,0.0
00403A,2026-07-30,6196,帆宣,1000.0,0.0
00403A,2026-07-30,5347,世界,1000.0,0.0
00403A,2026-07-31,2330,台積電,12680000.0,18.45
00403A,2026-07-31,2303,聯電,76000000.0,5.52
00403A,2026-07-31,3017,奇鋐,3450000.0,4.8
00403A,2026-07-31,2383,台光電,1405000.0,4.0
00403A,2026-07-31,2454,聯發科,1795000.0,3.83
00403A,2026-07-31,3037,欣興,7600000.0,3.59
00403A,2026-07-31,6223,旺矽,1000000.0,3.17
00403A,2026-07-31,2344,華邦電,40000000.0,3.12
00403A,2026-07-31,2308,台達電,3040000.0,2.99
00403A,2026-07-31,2345,智邦,2290000.0,2.92
00403A,2026-07-31,3711,日月光投控,6400000.0,2.13
00403A,2026-07-31,3653,健策,990000.0,2.05
00403A,2026-07-31,6669,緯穎,600000.0,1.94
00403A,2026-07-31,2327,國巨*,6000000.0,1.81
00403A,2026-07-31,4958,臻鼎-KY,6154000.0,1.53
00403A,2026-07-31,3533,嘉澤,1240000.0,1.38
00403A,2026-07-31,5274,信驊,144500.0,1.26
00403A,2026-07-31,6488,環球晶,2411000.0,1.24
00403A,2026-07-31,3189,景碩,3217000.0,1.23
00403A,2026-07-31,3443,創意,510000.0,1.16
00403A,2026-07-31,2360,致茂,897000.0,1.13
00403A,2026-07-31,6274,台燿,1680000.0,1.12
00403A,2026-07-31,3665,貿聯-KY,880000.0,1.11
00403A,2026-07-31,7769,鴻勁,300000.0,1.11
00403A,2026-07-31,8046,南電,1750000.0,0.97
00403A,2026-07-31,8996,高力,1600000.0,0.82
00403A,2026-07-31,6805,富世達,700000.0,0.57
00403A,2026-07-31,2317,鴻海,3200000.0,0.48
00403A,2026-07-31,2337,旺宏,7498000.0,0.45
00403A,2026-07-31,1303,南亞,4587000.0,0.44
00403A,2026-07-31,1560,中砂,1113000.0,0.43
00403A,2026-07-31,6239,力成,3026000.0,0.43
00403A,2026-07-31,3211,順達,2000000.0,0.35
00403A,2026-07-31,3583,辛耘,900000.0,0.35
00403A,2026-07-31,3008,大立光,140000.0,0.34
00403A,2026-07-31,4966,譜瑞-KY,800000.0,0.27
00403A,2026-07-31,8358,金居,1312000.0,0.23
00403A,2026-07-31,6515,穎崴,59000.0,0.21
00403A,2026-07-31,2049,上銀,1010000.0,0.18
00403A,2026-07-31,6442,光聖,225000.0,0.16
00403A,2026-07-31,2404,漢唐,220000.0,0.15
00403A,2026-07-31,6415,矽力*-KY,624000.0,0.15
00403A,2026-07-31,3264,欣銓,700000.0,0.07
00403A,2026-07-31,3450,聯鈞,300000.0,0.07
00403A,2026-07-31,2455,全新,336000.0,0.06
00403A,2026-07-31,2481,強茂,869000.0,0.06
00403A,2026-07-31,6285,啟碁,250000.0,0.03
00403A,2026-07-31,1717,長興,200000.0,0.01
00403A,2026-07-31,8299,群聯,1000.0,0.0
00403A,2026-07-31,6196,帆宣,1000.0,0.0
00403A,2026-07-31,5347,世界,1000.0,0.0
00403A,2026-08-03,2330,台積電,12680000.0,17.45
00403A,2026-08-03,2303,聯電,77800000.0,5.33
00403A,2026-08-03,3017,奇鋐,3450000.0,5.11
00403A,2026-08-03,2383,台光電,1495000.0,4.32
00403A,2026-08-03,2454,聯發科,1795000.0,4.08
00403A,2026-08-03,3037,欣興,7600000.0,3.82
00403A,2026-08-03,6223,旺矽,1000000.0,3.37
00403A,2026-08-03,2344,華邦電,40000000.0,3.32
00403A,2026-08-03,2345,智邦,2307000.0,3.13
00403A,2026-08-03,2308,台達電,3040000.0,2.79
00403A,2026-08-03,3711,日月光投控,6400000.0,2.27
00403A,2026-08-03,3653,健策,1030000.0,2.25
00403A,2026-08-03,6669,緯穎,600000.0,2.06
00403A,2026-08-03,2327,國巨*,6000000.0,1.92
00403A,2026-08-03,4958,臻鼎-KY,6154000.0,1.51
00403A,2026-08-03,5274,信驊,158500.0,1.47
00403A,2026-08-03,3533,嘉澤,1240000.0,1.44
00403A,2026-08-03,6488,環球晶,2600000.0,1.31
00403A,2026-08-03,3189,景碩,3217000.0,1.3
00403A,2026-08-03,3443,創意,510000.0,1.24
00403A,2026-08-03,3665,貿聯-KY,1010000.0,1.23
00403A,2026-08-03,6274,台燿,1680000.0,1.19
00403A,2026-08-03,7769,鴻勁,300000.0,1.12
00403A,2026-08-03,2360,致茂,897000.0,1.02
00403A,2026-08-03,8046,南電,1750000.0,0.97
00403A,2026-08-03,8996,高力,1600000.0,0.87
00403A,2026-08-03,6805,富世達,700000.0,0.6
00403A,2026-08-03,1560,中砂,1350000.0,0.53
00403A,2026-08-03,6239,力成,3740000.0,0.52
00403A,2026-08-03,2337,旺宏,7498000.0,0.48
00403A,2026-08-03,2317,鴻海,3200000.0,0.47
00403A,2026-08-03,1303,南亞,4587000.0,0.44
00403A,2026-08-03,3008,大立光,170000.0,0.39
00403A,2026-08-03,3211,順達,2000000.0,0.36
00403A,2026-08-03,3583,辛耘,900000.0,0.35
00403A,2026-08-03,4966,譜瑞-KY,800000.0,0.27
00403A,2026-08-03,8358,金居,1312000.0,0.25
00403A,2026-08-03,2049,上銀,1010000.0,0.19
00403A,2026-08-03,6442,光聖,225000.0,0.17
00403A,2026-08-03,2404,漢唐,250000.0,0.16
00403A,2026-08-03,6415,矽力*-KY,624000.0,0.15
00403A,2026-08-03,6515,穎崴,29000.0,0.11
00403A,2026-08-03,3264,欣銓,700000.0,0.08
00403A,2026-08-03,3450,聯鈞,337000.0,0.08
00403A,2026-08-03,2481,強茂,869000.0,0.07
00403A,2026-08-03,2455,全新,336000.0,0.06
00403A,2026-08-03,6285,啟碁,250000.0,0.03
00403A,2026-08-03,1717,長興,500000.0,0.02
00403A,2026-08-03,8299,群聯,1000.0,0.0
00403A,2026-08-03,6196,帆宣,1000.0,0.0
00403A,2026-08-03,5347,世界,1000.0,0.0
00403A,2026-08-04,2330,台積電,12680000.0,16.85
00403A,2026-08-04,2303,聯電,77800000.0,5.28
00403A,2026-08-04,3017,奇鋐,3450000.0,5.14
00403A,2026-08-04,2383,台光電,1495000.0,4.4
00403A,2026-08-04,3037,欣興,8060000.0,4.27
00403A,2026-08-04,2454,聯發科,1910000.0,4.23
00403A,2026-08-04,2344,華邦電,41155000.0,3.7
00403A,2026-08-04,6223,旺矽,1050000.0,3.55
00403A,2026-08-04,2345,智邦,2307000.0,3.07
00403A,2026-08-04,2308,台達電,3040000.0,2.82
00403A,2026-08-04,3653,健策,1030000.0,2.45
00403A,2026-08-04,3711,日月光投控,7160000.0,2.4
00403A,2026-08-04,2327,國巨*,7000000.0,2.27
00403A,2026-08-04,6669,緯穎,600000.0,2.13
00403A,2026-08-04,4958,臻鼎-KY,6154000.0,1.56
00403A,2026-08-04,3665,貿聯-KY,1101000.0,1.45
00403A,2026-08-04,6488,環球晶,2646000.0,1.44
00403A,2026-08-04,3533,嘉澤,1240000.0,1.43
00403A,2026-08-04,3189,景碩,3226000.0,1.42
00403A,2026-08-04,5274,信驊,158500.0,1.41
00403A,2026-08-04,6274,台燿,1680000.0,1.29
00403A,2026-08-04,3443,創意,510000.0,1.21
00403A,2026-08-04,7769,鴻勁,300000.0,1.06
00403A,2026-08-04,8046,南電,1750000.0,1.05
00403A,2026-08-04,2360,致茂,897000.0,0.99
00403A,2026-08-04,8996,高力,1600000.0,0.94
00403A,2026-08-04,6239,力成,4400000.0,0.65
00403A,2026-08-04,6805,富世達,700000.0,0.64
00403A,2026-08-04,1560,中砂,1500000.0,0.58
00403A,2026-08-04,2337,旺宏,7498000.0,0.52
00403A,2026-08-04,2317,鴻海,3200000.0,0.46
00403A,2026-08-04,1303,南亞,4587000.0,0.45
00403A,2026-08-04,3008,大立光,172000.0,0.43
00403A,2026-08-04,3211,順達,2000000.0,0.37
00403A,2026-08-04,3583,辛耘,900000.0,0.36
00403A,2026-08-04,4966,譜瑞-KY,800000.0,0.27
00403A,2026-08-04,8358,金居,1312000.0,0.26
00403A,2026-08-04,2049,上銀,1010000.0,0.19
00403A,2026-08-04,6442,光聖,225000.0,0.18
00403A,2026-08-04,3450,聯鈞,650000.0,0.16
00403A,2026-08-04,2404,漢唐,250000.0,0.16
00403A,2026-08-04,6415,矽力*-KY,624000.0,0.15
00403A,2026-08-04,3264,欣銓,700000.0,0.08
00403A,2026-08-04,2481,強茂,1100000.0,0.08
00403A,2026-08-04,2455,全新,336000.0,0.07
00403A,2026-08-04,6285,啟碁,350000.0,0.05
00403A,2026-08-04,1717,長興,700000.0,0.03
00403A,2026-08-04,8299,群聯,1000.0,0.0
00403A,2026-08-04,6196,帆宣,1000.0,0.0
00403A,2026-08-04,5347,世界,1000.0,0.0
00403A,2026-08-05,2330,台積電,12680000.0,17.04
00403A,2026-08-05,2303,聯電,79000000.0,5.39
00403A,2026-08-05,3017,奇鋐,3450000.0,5.26
00403A,2026-08-05,3037,欣興,8460000.0,4.58
00403A,2026-08-05,2383,台光電,1495000.0,4.38
00403A,2026-08-05,2454,聯發科,1910000.0,4.27
00403A,2026-08-05,2344,華邦電,42300000.0,4.0
00403A,2026-08-05,6223,旺矽,1050000.0,3.66
00403A,2026-08-05,2345,智邦,2307000.0,3.08
00403A,2026-08-05,2308,台達電,3040000.0,2.8
00403A,2026-08-05,2327,國巨*,8000000.0,2.58
00403A,2026-08-05,3653,健策,1030000.0,2.5
00403A,2026-08-05,3711,日月光投控,7160000.0,2.37
00403A,2026-08-05,3189,景碩,3850000.0,1.78
00403A,2026-08-05,6669,緯穎,500000.0,1.73
00403A,2026-08-05,4958,臻鼎-KY,6154000.0,1.68
00403A,2026-08-05,3665,貿聯-KY,1101000.0,1.45
00403A,2026-08-05,5274,信驊,158500.0,1.42
00403A,2026-08-05,6274,台燿,1680000.0,1.38
00403A,2026-08-05,3533,嘉澤,1240000.0,1.35
00403A,2026-08-05,6488,環球晶,2646000.0,1.29
00403A,2026-08-05,3443,創意,510000.0,1.25
00403A,2026-08-05,7769,鴻勁,300000.0,1.09
00403A,2026-08-05,8046,南電,1750000.0,1.04
00403A,2026-08-05,2360,致茂,897000.0,0.95
00403A,2026-08-05,8996,高力,1600000.0,0.93
00403A,2026-08-05,6239,力成,5330000.0,0.76
00403A,2026-08-05,3008,大立光,260000.0,0.66
00403A,2026-08-05,6805,富世達,700000.0,0.63
00403A,2026-08-05,1560,中砂,1500000.0,0.57
00403A,2026-08-05,2337,旺宏,7498000.0,0.49
00403A,2026-08-05,2317,鴻海,3200000.0,0.46
00403A,2026-08-05,3211,順達,2000000.0,0.36
00403A,2026-08-05,3583,辛耘,900000.0,0.35
00403A,2026-08-05,3450,聯鈞,1000000.0,0.27
00403A,2026-08-05,8358,金居,1312000.0,0.26
00403A,2026-08-05,4966,譜瑞-KY,670000.0,0.23
00403A,2026-08-05,2049,上銀,1010000.0,0.21
00403A,2026-08-05,1303,南亞,2000000.0,0.2
00403A,2026-08-05,6442,光聖,225000.0,0.17
00403A,2026-08-05,2404,漢唐,250000.0,0.16
00403A,2026-08-05,3264,欣銓,700000.0,0.08
00403A,2026-08-05,2481,強茂,1100000.0,0.08
00403A,2026-08-05,2455,全新,336000.0,0.07
00403A,2026-08-05,6415,矽力*-KY,300000.0,0.07
00403A,2026-08-05,6285,啟碁,350000.0,0.05
00403A,2026-08-05,1717,長興,1058000.0,0.04
00403A,2026-08-05,8299,群聯,1000.0,0.0
00403A,2026-08-05,6196,帆宣,1000.0,0.0
00403A,2026-08-05,5347,世界,1000.0,0.0
00403A,2026-08-06,2330,台積電,12680000.0,16.69
00403A,2026-08-06,3017,奇鋐,3450000.0,5.65
00403A,2026-08-06,2303,聯電,79000000.0,5.34
00403A,2026-08-06,3037,欣興,8460000.0,4.58
00403A,2026-08-06,2383,台光電,1495000.0,4.41
00403A,2026-08-06,2454,聯發科,2000000.0,4.36
00403A,2026-08-06,2344,華邦電,42300000.0,4.03
00403A,2026-08-06,6223,旺矽,1050000.0,3.68
00403A,2026-08-06,2345,智邦,2307000.0,3.09
00403A,2026-08-06,2308,台達電,3040000.0,2.84
00403A,2026-08-06,3653,健策,1030000.0,2.55
00403A,2026-08-06,2327,國巨*,8000000.0,2.54
00403A,2026-08-06,3711,日月光投控,7500000.0,2.48
00403A,2026-08-06,3189,景碩,4250000.0,2.02
00403A,2026-08-06,6669,緯穎,500000.0,1.74
00403A,2026-08-06,5274,信驊,184500.0,1.72
00403A,2026-08-06,4958,臻鼎-KY,6154000.0,1.65
00403A,2026-08-06,3665,貿聯-KY,1200000.0,1.58
00403A,2026-08-06,6274,台燿,1680000.0,1.43
00403A,2026-08-06,3533,嘉澤,1240000.0,1.36
00403A,2026-08-06,6488,環球晶,2646000.0,1.28
00403A,2026-08-06,3443,創意,510000.0,1.27
00403A,2026-08-06,8046,南電,1750000.0,1.08
00403A,2026-08-06,8996,高力,1600000.0,1.01
00403A,2026-08-06,2360,致茂,897000.0,0.99
00403A,2026-08-06,7769,鴻勁,260000.0,0.94
00403A,2026-08-06,6239,力成,5330000.0,0.8
00403A,2026-08-06,6805,富世達,700000.0,0.69
00403A,2026-08-06,3008,大立光,260000.0,0.67
00403A,2026-08-06,1560,中砂,1500000.0,0.58
00403A,2026-08-06,2337,旺宏,7498000.0,0.54
00403A,2026-08-06,2317,鴻海,3200000.0,0.47
00403A,2026-08-06,3211,順達,2000000.0,0.4
00403A,2026-08-06,3583,辛耘,900000.0,0.37
00403A,2026-08-06,3450,聯鈞,1200000.0,0.33
00403A,2026-08-06,8358,金居,1312000.0,0.28
00403A,2026-08-06,2049,上銀,1010000.0,0.2
00403A,2026-08-06,4966,譜瑞-KY,580000.0,0.2
00403A,2026-08-06,6442,光聖,225000.0,0.18
00403A,2026-08-06,2404,漢唐,250000.0,0.16
00403A,2026-08-06,1303,南亞,1000000.0,0.1
00403A,2026-08-06,2481,強茂,1100000.0,0.09
00403A,2026-08-06,3264,欣銓,700000.0,0.08
00403A,2026-08-06,2455,全新,336000.0,0.07
00403A,2026-08-06,6415,矽力*-KY,300000.0,0.07
00403A,2026-08-06,1717,長興,1250000.0,0.05
00403A,2026-08-06,6285,啟碁,350000.0,0.05
00403A,2026-08-06,8299,群聯,1000.0,0.0
00403A,2026-08-06,6196,帆宣,1000.0,0.0
00403A,2026-08-06,5347,世界,1000.0,0.0
00403A,2026-08-07,2330,台積電,12680000.0,17.14
00403A,2026-08-07,3017,奇鋐,3450000.0,5.48
00403A,2026-08-07,2303,聯電,79000000.0,5.23
00403A,2026-08-07,3037,欣興,8460000.0,4.61
00403A,2026-08-07,2383,台光電,1495000.0,4.47
00403A,2026-08-07,2454,聯發科,2000000.0,4.45
00403A,2026-08-07,2344,華邦電,42300000.0,3.94
00403A,2026-08-07,6223,旺矽,1050000.0,3.65
00403A,2026-08-07,2345,智邦,2307000.0,2.91
00403A,2026-08-07,2308,台達電,3040000.0,2.86
00403A,2026-08-07,3653,健策,1030000.0,2.57
00403A,2026-08-07,3711,日月光投控,7500000.0,2.5
00403A,2026-08-07,2327,國巨*,8000000.0,2.46
00403A,2026-08-07,3189,景碩,4250000.0,1.99
00403A,2026-08-07,6669,緯穎,500000.0,1.74
00403A,2026-08-07,5274,信驊,184500.0,1.72
00403A,2026-08-07,3665,貿聯-KY,1200000.0,1.51
00403A,2026-08-07,4958,臻鼎-KY,5200000.0,1.4
00403A,2026-08-07,6274,台燿,1680000.0,1.38
00403A,2026-08-07,3533,嘉澤,1240000.0,1.35
00403A,2026-08-07,3443,創意,510000.0,1.32
00403A,2026-08-07,6488,環球晶,2646000.0,1.32
00403A,2026-08-07,8046,南電,1750000.0,1.08
00403A,2026-08-07,2360,致茂,897000.0,1.04
00403A,2026-08-07,8996,高力,1600000.0,0.95
00403A,2026-08-07,6239,力成,5330000.0,0.8
00403A,2026-08-07,7769,鴻勁,200000.0,0.72
00403A,2026-08-07,6805,富世達,700000.0,0.67
00403A,2026-08-07,3008,大立光,260000.0,0.65
00403A,2026-08-07,1560,中砂,1500000.0,0.57
00403A,2026-08-07,2337,旺宏,7498000.0,0.52
00403A,2026-08-07,2317,鴻海,3200000.0,0.47
00403A,2026-08-07,3211,順達,2000000.0,0.39
00403A,2026-08-07,3450,聯鈞,1400000.0,0.38
00403A,2026-08-07,3583,辛耘,900000.0,0.36
00403A,2026-08-07,8358,金居,1312000.0,0.26
00403A,2026-08-07,2049,上銀,1010000.0,0.22
00403A,2026-08-07,6442,光聖,225000.0,0.17
00403A,2026-08-07,4966,譜瑞-KY,500000.0,0.17
00403A,2026-08-07,2404,漢唐,250000.0,0.16
00403A,2026-08-07,1303,南亞,1000000.0,0.11
00403A,2026-08-07,3264,欣銓,700000.0,0.08
00403A,2026-08-07,6415,矽力*-KY,300000.0,0.08
00403A,2026-08-07,2481,強茂,1100000.0,0.08
00403A,2026-08-07,2455,全新,336000.0,0.07
00403A,2026-08-07,1717,長興,1500000.0,0.06
00403A,2026-08-07,6285,啟碁,350000.0,0.05
00403A,2026-08-07,8299,群聯,1000.0,0.0
00403A,2026-08-07,6196,帆宣,1000.0,0.0
00403A,2026-08-07,5347,世界,1000.0,0.0
00403A,2026-08-10,2330,台積電,12680000.0,16.94
00403A,2026-08-10,2303,聯電,79000000.0,5.45
00403A,2026-08-10,3017,奇鋐,3450000.0,5.35
00403A,2026-08-10,3037,欣興,8460000.0,4.71
00403A,2026-08-10,2383,台光電,1550000.0,4.6
00403A,2026-08-10,2454,聯發科,2000000.0,4.45
00403A,2026-08-10,2344,華邦電,42300000.0,4.26
00403A,2026-08-10,6223,旺矽,1050000.0,3.67
00403A,2026-08-10,2308,台達電,3040000.0,3.1
00403A,2026-08-10,2327,國巨*,9000000.0,2.89
00403A,2026-08-10,3711,日月光投控,8000000.0,2.83
00403A,2026-08-10,2345,智邦,2307000.0,2.8
00403A,2026-08-10,3653,健策,877000.0,2.04
00403A,2026-08-10,3189,景碩,4250000.0,1.99
00403A,2026-08-10,5274,信驊,199500.0,1.85
00403A,2026-08-10,6669,緯穎,500000.0,1.69
00403A,2026-08-10,3665,貿聯-KY,1200000.0,1.48
00403A,2026-08-10,6274,台燿,1680000.0,1.38
00403A,2026-08-10,3533,嘉澤,1240000.0,1.36
00403A,2026-08-10,3443,創意,510000.0,1.3
00403A,2026-08-10,6488,環球晶,2646000.0,1.27
00403A,2026-08-10,8046,南電,1750000.0,1.11
00403A,2026-08-10,2360,致茂,897000.0,1.02
00403A,2026-08-10,4958,臻鼎-KY,3700000.0,0.98
00403A,2026-08-10,8996,高力,1600000.0,0.97
00403A,2026-08-10,6239,力成,5360000.0,0.87
00403A,2026-08-10,6805,富世達,700000.0,0.69
00403A,2026-08-10,3008,大立光,260000.0,0.64
00403A,2026-08-10,7769,鴻勁,175000.0,0.62
00403A,2026-08-10,1560,中砂,1500000.0,0.58
00403A,2026-08-10,2337,旺宏,7498000.0,0.56
00403A,2026-08-10,2317,鴻海,3200000.0,0.48
00403A,2026-08-10,3450,聯鈞,1600000.0,0.47
00403A,2026-08-10,3211,順達,2000000.0,0.42
00403A,2026-08-10,3583,辛耘,900000.0,0.35
00403A,2026-08-10,8358,金居,1312000.0,0.25
00403A,2026-08-10,2049,上銀,1010000.0,0.22
00403A,2026-08-10,6442,光聖,225000.0,0.18
00403A,2026-08-10,4966,譜瑞-KY,500000.0,0.17
00403A,2026-08-10,2404,漢唐,250000.0,0.16
00403A,2026-08-10,1303,南亞,1000000.0,0.1
00403A,2026-08-10,3264,欣銓,700000.0,0.09
00403A,2026-08-10,2481,強茂,1100000.0,0.08
00403A,2026-08-10,1717,長興,1900000.0,0.07
00403A,2026-08-10,2455,全新,336000.0,0.07
00403A,2026-08-10,6415,矽力*-KY,250000.0,0.07
00403A,2026-08-10,6285,啟碁,350000.0,0.05
00403A,2026-08-10,8299,群聯,1000.0,0.0
00403A,2026-08-10,6196,帆宣,1000.0,0.0
00403A,2026-08-10,5347,世界,1000.0,0.0
00403A,2026-08-11,2330,台積電,12680000.0,16.92
00403A,2026-08-11,2303,聯電,79000000.0,5.41
00403A,2026-08-11,3017,奇鋐,3450000.0,5.31
00403A,2026-08-11,2383,台光電,1600000.0,4.93
00403A,2026-08-11,3037,欣興,8460000.0,4.68
00403A,2026-08-11,2454,聯發科,2000000.0,4.48
00403A,2026-08-11,2344,華邦電,42300000.0,4.2
00403A,2026-08-11,6223,旺矽,1050000.0,3.69
00403A,2026-08-11,2327,國巨*,9000000.0,3.09
00403A,2026-08-11,2308,台達電,3040000.0,3.06
00403A,2026-08-11,3711,日月光投控,8000000.0,2.8
00403A,2026-08-11,2345,智邦,2307000.0,2.74
00403A,2026-08-11,3189,景碩,4250000.0,1.99
00403A,2026-08-11,5274,信驊,199500.0,1.83
00403A,2026-08-11,3653,健策,800000.0,1.81
00403A,2026-08-11,6669,緯穎,500000.0,1.65
00403A,2026-08-11,6274,台燿,1680000.0,1.5
00403A,2026-08-11,3665,貿聯-KY,1200000.0,1.47
00403A,2026-08-11,3443,創意,510000.0,1.41
00403A,2026-08-11,3533,嘉澤,1240000.0,1.38
00403A,2026-08-11,6488,環球晶,2646000.0,1.25
00403A,2026-08-11,8046,南電,1750000.0,1.12
00403A,2026-08-11,2360,致茂,897000.0,1.04
00403A,2026-08-11,8996,高力,1600000.0,0.95
00403A,2026-08-11,6239,力成,5360000.0,0.84
00403A,2026-08-11,4958,臻鼎-KY,3000000.0,0.82
00403A,2026-08-11,6805,富世達,700000.0,0.7
00403A,2026-08-11,1303,南亞,6000000.0,0.64
00403A,2026-08-11,3008,大立光,260000.0,0.63
00403A,2026-08-11,7769,鴻勁,165000.0,0.58
00403A,2026-08-11,1560,中砂,1500000.0,0.57
00403A,2026-08-11,2337,旺宏,7498000.0,0.55
00403A,2026-08-11,2317,鴻海,3200000.0,0.47
00403A,2026-08-11,3211,順達,2000000.0,0.45
00403A,2026-08-11,3450,聯鈞,1600000.0,0.42
00403A,2026-08-11,3583,辛耘,900000.0,0.35
00403A,2026-08-11,8358,金居,1312000.0,0.28
00403A,2026-08-11,2049,上銀,1010000.0,0.21
00403A,2026-08-11,6442,光聖,225000.0,0.18
00403A,2026-08-11,4966,譜瑞-KY,500000.0,0.17
00403A,2026-08-11,2404,漢唐,250000.0,0.16
00403A,2026-08-11,3264,欣銓,700000.0,0.09
00403A,2026-08-11,1717,長興,2300000.0,0.09
00403A,2026-08-11,2481,強茂,1100000.0,0.09
00403A,2026-08-11,2455,全新,336000.0,0.07
00403A,2026-08-11,6285,啟碁,350000.0,0.05
00403A,2026-08-11,6415,矽力*-KY,200000.0,0.05
00403A,2026-08-11,8299,群聯,1000.0,0.0
00403A,2026-08-11,6196,帆宣,1000.0,0.0
00403A,2026-08-11,5347,世界,1000.0,0.0
00403A,2026-08-12,2330,台積電,12680000.0,16.94
00403A,2026-08-12,3017,奇鋐,3515000.0,5.66
00403A,2026-08-12,2303,聯電,79000000.0,5.37
00403A,2026-08-12,2383,台光電,1635000.0,5.18
00403A,2026-08-12,3037,欣興,8460000.0,4.68
00403A,2026-08-12,2454,聯發科,2000000.0,4.44
00403A,2026-08-12,2344,華邦電,42300000.0,4.14
00403A,2026-08-12,6223,旺矽,1060000.0,3.87
00403A,2026-08-12,2308,台達電,3040000.0,3.01
00403A,2026-08-12,2327,國巨*,9000000.0,3.0
00403A,2026-08-12,2345,智邦,2307000.0,2.83
00403A,2026-08-12,3711,日月光投控,8000000.0,2.75
00403A,2026-08-12,5274,信驊,214500.0,2.06
00403A,2026-08-12,3189,景碩,4250000.0,2.02
00403A,2026-08-12,3653,健策,800000.0,1.98
00403A,2026-08-12,6669,緯穎,500000.0,1.67
00403A,2026-08-12,6274,台燿,1680000.0,1.49
00403A,2026-08-12,3443,創意,510000.0,1.45
00403A,2026-08-12,3665,貿聯-KY,1200000.0,1.43
00403A,2026-08-12,3533,嘉澤,1240000.0,1.38
00403A,2026-08-12,6488,環球晶,2646000.0,1.37
00403A,2026-08-12,8046,南電,1795000.0,1.26
00403A,2026-08-12,3008,大立光,462000.0,1.17
00403A,2026-08-12,2360,致茂,897000.0,1.09
00403A,2026-08-12,8996,高力,1600000.0,1.04
00403A,2026-08-12,6239,力成,5360000.0,0.83
00403A,2026-08-12,1303,南亞,7000000.0,0.73
00403A,2026-08-12,6805,富世達,700000.0,0.71
00403A,2026-08-12,1560,中砂,1500000.0,0.6
00403A,2026-08-12,2337,旺宏,7498000.0,0.57
00403A,2026-08-12,2317,鴻海,3200000.0,0.48
00403A,2026-08-12,7769,鴻勁,130000.0,0.47
00403A,2026-08-12,3211,順達,2000000.0,0.46
00403A,2026-08-12,3450,聯鈞,1600000.0,0.45
00403A,2026-08-12,3583,辛耘,900000.0,0.37
00403A,2026-08-12,8358,金居,900000.0,0.21
00403A,2026-08-12,2049,上銀,1010000.0,0.21
00403A,2026-08-12,6442,光聖,225000.0,0.2
00403A,2026-08-12,4966,譜瑞-KY,500000.0,0.16
00403A,2026-08-12,2404,漢唐,250000.0,0.16
00403A,2026-08-12,4958,臻鼎-KY,500000.0,0.13
00403A,2026-08-12,1717,長興,2500000.0,0.11
00403A,2026-08-12,3264,欣銓,700000.0,0.08
00403A,2026-08-12,2481,強茂,1100000.0,0.08
00403A,2026-08-12,2455,全新,336000.0,0.07
00403A,2026-08-12,6285,啟碁,350000.0,0.05
00403A,2026-08-12,6415,矽力*-KY,150000.0,0.04
00403A,2026-08-12,8299,群聯,1000.0,0.0
00403A,2026-08-12,6196,帆宣,1000.0,0.0
00403A,2026-08-12,5347,世界,1000.0,0.0
00403A,2026-08-13,2330,台積電,12000000.0,16.05
00403A,2026-08-13,3017,奇鋐,3515000.0,6.18
00403A,2026-08-13,2303,聯電,79000000.0,5.4
00403A,2026-08-13,2383,台光電,1635000.0,5.11
00403A,2026-08-13,2454,聯發科,2040000.0,4.73
00403A,2026-08-13,3037,欣興,8460000.0,4.65
00403A,2026-08-13,6223,旺矽,1060000.0,3.78
00403A,2026-08-13,2327,國巨*,9785000.0,3.56
00403A,2026-08-13,2308,台達電,3040000.0,3.15
00403A,2026-08-13,2345,智邦,2307000.0,2.88
00403A,2026-08-13,3711,日月光投控,8000000.0,2.75
00403A,2026-08-13,2344,華邦電,28000000.0,2.72
00403A,2026-08-13,5274,信驊,214500.0,2.06
00403A,2026-08-13,3653,健策,800000.0,2.04
00403A,2026-08-13,3189,景碩,4250000.0,1.99
00403A,2026-08-13,6669,緯穎,500000.0,1.67
00403A,2026-08-13,3443,創意,510000.0,1.55
00403A,2026-08-13,6488,環球晶,2646000.0,1.49
00403A,2026-08-13,6274,台燿,1680000.0,1.48
00403A,2026-08-13,8046,南電,2190000.0,1.46
00403A,2026-08-13,3665,貿聯-KY,1200000.0,1.45
00403A,2026-08-13,3008,大立光,510000.0,1.31
00403A,2026-08-13,2360,致茂,1000000.0,1.26
00403A,2026-08-13,8996,高力,1600000.0,1.13
00403A,2026-08-13,3533,嘉澤,1050000.0,1.04
00403A,2026-08-13,6239,力成,5360000.0,0.83
00403A,2026-08-13,1303,南亞,7000000.0,0.73
00403A,2026-08-13,6805,富世達,700000.0,0.7
00403A,2026-08-13,1560,中砂,1500000.0,0.58
00403A,2026-08-13,2337,旺宏,7498000.0,0.56
00403A,2026-08-13,7769,鴻勁,130000.0,0.48
00403A,2026-08-13,3450,聯鈞,1600000.0,0.46
00403A,2026-08-13,2317,鴻海,3200000.0,0.46
00403A,2026-08-13,3211,順達,2000000.0,0.45
00403A,2026-08-13,3583,辛耘,800000.0,0.32
00403A,2026-08-13,8358,金居,900000.0,0.21
00403A,2026-08-13,6442,光聖,225000.0,0.19
00403A,2026-08-13,4966,譜瑞-KY,500000.0,0.16
00403A,2026-08-13,2404,漢唐,250000.0,0.16
00403A,2026-08-13,4958,臻鼎-KY,500000.0,0.13
00403A,2026-08-13,2481,強茂,1500000.0,0.12
00403A,2026-08-13,1717,長興,2500000.0,0.11
00403A,2026-08-13,3264,欣銓,700000.0,0.09
00403A,2026-08-13,2455,全新,336000.0,0.07
00403A,2026-08-13,6285,啟碁,350000.0,0.05
00403A,2026-08-13,8299,群聯,1000.0,0.0
00403A,2026-08-13,6196,帆宣,1000.0,0.0
00403A,2026-08-13,2049,上銀,1000.0,0.0
00403A,2026-08-13,6415,矽力*-KY,1000.0,0.0
00403A,2026-08-13,5347,世界,1000.0,0.0
00403A,2026-08-14,2330,台積電,12000000.0,15.99
00403A,2026-08-14,3017,奇鋐,3515000.0,6.33
00403A,2026-08-14,2383,台光電,1690000.0,5.8
00403A,2026-08-14,2303,聯電,79000000.0,5.32
00403A,2026-08-14,2454,聯發科,2110000.0,4.94
00403A,2026-08-14,3037,欣興,8460000.0,4.8
00403A,2026-08-14,6223,旺矽,1060000.0,3.8
00403A,2026-08-14,2327,國巨*,9785000.0,3.39
00403A,2026-08-14,2308,台達電,3040000.0,3.19
00403A,2026-08-14,2345,智邦,2307000.0,2.95
00403A,2026-08-14,2344,華邦電,28000000.0,2.86
00403A,2026-08-14,3711,日月光投控,8000000.0,2.74
00403A,2026-08-14,6669,緯穎,610000.0,2.18
00403A,2026-08-14,3653,健策,800000.0,2.16
00403A,2026-08-14,5274,信驊,214500.0,2.11
00403A,2026-08-14,3189,景碩,4250000.0,2.04
00403A,2026-08-14,8046,南電,2190000.0,1.59
00403A,2026-08-14,6274,台燿,1680000.0,1.57
00403A,2026-08-14,3443,創意,510000.0,1.55
00403A,2026-08-14,6488,環球晶,2646000.0,1.49
00403A,2026-08-14,3665,貿聯-KY,1200000.0,1.47
00403A,2026-08-14,3008,大立光,570000.0,1.46
00403A,2026-08-14,2360,致茂,1000000.0,1.28
00403A,2026-08-14,8996,高力,1600000.0,1.14
00403A,2026-08-14,1303,南亞,7421000.0,0.86
00403A,2026-08-14,6239,力成,5360000.0,0.83
00403A,2026-08-14,3533,嘉澤,800000.0,0.77
00403A,2026-08-14,6805,富世達,700000.0,0.7
00403A,2026-08-14,1560,中砂,1500000.0,0.61
00403A,2026-08-14,2337,旺宏,7498000.0,0.57
00403A,2026-08-14,7769,鴻勁,130000.0,0.48
00403A,2026-08-14,2317,鴻海,3200000.0,0.46
00403A,2026-08-14,3450,聯鈞,1600000.0,0.45
00403A,2026-08-14,3211,順達,2000000.0,0.44
00403A,2026-08-14,3583,辛耘,800000.0,0.32
00403A,2026-08-14,8358,金居,900000.0,0.21
00403A,2026-08-14,6442,光聖,225000.0,0.2
00403A,2026-08-14,4966,譜瑞-KY,500000.0,0.16
00403A,2026-08-14,2404,漢唐,250000.0,0.16
00403A,2026-08-14,4958,臻鼎-KY,500000.0,0.14
00403A,2026-08-14,2481,強茂,1500000.0,0.12
00403A,2026-08-14,1717,長興,2500000.0,0.1
00403A,2026-08-14,3264,欣銓,700000.0,0.09
00403A,2026-08-14,2455,全新,336000.0,0.07
00403A,2026-08-14,6285,啟碁,350000.0,0.05
00403A,2026-08-14,8299,群聯,1000.0,0.0
00403A,2026-08-14,6196,帆宣,1000.0,0.0
00403A,2026-08-14,2049,上銀,1000.0,0.0
00403A,2026-08-14,6415,矽力*-KY,1000.0,0.0
00403A,2026-08-14,5347,世界,1000.0,0.0
00403A,2026-08-17,2330,台積電,12000000.0,16.18
00403A,2026-08-17,3017,奇鋐,3515000.0,6.22
00403A,2026-08-17,2383,台光電,1690000.0,6.03
00403A,2026-08-17,2303,聯電,79000000.0,5.39
00403A,2026-08-17,3037,欣興,8460000.0,5.32
00403A,2026-08-17,2454,聯發科,2110000.0,4.8
00403A,2026-08-17,6223,旺矽,1060000.0,3.45
00403A,2026-08-17,2327,國巨*,9785000.0,3.34
00403A,2026-08-17,2308,台達電,3040000.0,3.22
00403A,2026-08-17,2345,智邦,2307000.0,2.97
00403A,2026-08-17,2344,華邦電,28000000.0,2.86
00403A,2026-08-17,3711,日月光投控,8000000.0,2.76
00403A,2026-08-17,3653,健策,800000.0,2.4
00403A,2026-08-17,6669,緯穎,610000.0,2.27
00403A,2026-08-17,3189,景碩,4250000.0,2.16
00403A,2026-08-17,5274,信驊,214500.0,2.05
00403A,2026-08-17,8046,南電,2640000.0,1.92
00403A,2026-08-17,3008,大立光,626000.0,1.78
00403A,2026-08-17,3443,創意,510000.0,1.68
00403A,2026-08-17,6488,環球晶,2646000.0,1.52
00403A,2026-08-17,6274,台燿,1680000.0,1.51
00403A,2026-08-17,3665,貿聯-KY,1200000.0,1.44
00403A,2026-08-17,2360,致茂,1000000.0,1.33
00403A,2026-08-17,8996,高力,1600000.0,1.09
00403A,2026-08-17,1303,南亞,9000000.0,1.01
00403A,2026-08-17,6239,力成,5360000.0,0.84
00403A,2026-08-17,6805,富世達,700000.0,0.76
00403A,2026-08-17,3533,嘉澤,700000.0,0.67
00403A,2026-08-17,1560,中砂,1500000.0,0.63
00403A,2026-08-17,3450,聯鈞,1600000.0,0.49
00403A,2026-08-17,7769,鴻勁,130000.0,0.49
00403A,2026-08-17,2317,鴻海,3200000.0,0.46
00403A,2026-08-17,3211,順達,2000000.0,0.44
00403A,2026-08-17,2337,旺宏,6000000.0,0.44
00403A,2026-08-17,3583,辛耘,800000.0,0.33
00403A,2026-08-17,6442,光聖,225000.0,0.21
00403A,2026-08-17,8358,金居,800000.0,0.19
00403A,2026-08-17,4966,譜瑞-KY,500000.0,0.16
00403A,2026-08-17,2404,漢唐,250000.0,0.16
00403A,2026-08-17,4958,臻鼎-KY,500000.0,0.14
00403A,2026-08-17,2481,強茂,1500000.0,0.12
00403A,2026-08-17,1717,長興,2500000.0,0.1
00403A,2026-08-17,3264,欣銓,700000.0,0.09
00403A,2026-08-17,2455,全新,336000.0,0.08
00403A,2026-08-17,6285,啟碁,350000.0,0.05
00403A,2026-08-17,8299,群聯,1000.0,0.0
00403A,2026-08-17,6196,帆宣,1000.0,0.0
00403A,2026-08-17,2049,上銀,1000.0,0.0
00403A,2026-08-17,6415,矽力*-KY,1000.0,0.0
00403A,2026-08-17,5347,世界,1000.0,0.0
00403A,2026-08-18,2330,台積電,12000000.0,16.45
00403A,2026-08-18,2383,台光電,1690000.0,6.04
00403A,2026-08-18,3037,欣興,8460000.0,5.58
00403A,2026-08-18,2303,聯電,79000000.0,5.42
00403A,2026-08-18,3017,奇鋐,3000000.0,5.25
00403A,2026-08-18,2454,聯發科,2110000.0,4.72
00403A,2026-08-18,2327,國巨*,9785000.0,3.25
00403A,2026-08-18,6223,旺矽,1060000.0,3.22
00403A,2026-08-18,2308,台達電,3040000.0,3.19
00403A,2026-08-18,3653,健策,1020000.0,3.03
00403A,2026-08-18,2345,智邦,2307000.0,2.96
00403A,2026-08-18,2344,華邦電,28000000.0,2.85
00403A,2026-08-18,3711,日月光投控,8000000.0,2.76
00403A,2026-08-18,6669,緯穎,610000.0,2.25
00403A,2026-08-18,3189,景碩,4250000.0,2.12
00403A,2026-08-18,5274,信驊,214500.0,2.11
00403A,2026-08-18,3008,大立光,626000.0,1.91
00403A,2026-08-18,8046,南電,2640000.0,1.89
00403A,2026-08-18,6488,環球晶,2800000.0,1.71
00403A,2026-08-18,3443,創意,510000.0,1.63
00403A,2026-08-18,3665,貿聯-KY,1200000.0,1.55
00403A,2026-08-18,6274,台燿,1680000.0,1.5
00403A,2026-08-18,2360,致茂,1000000.0,1.33
00403A,2026-08-18,8996,高力,1600000.0,1.08
00403A,2026-08-18,1303,南亞,9000000.0,1.04
00403A,2026-08-18,6239,力成,5360000.0,0.82
00403A,2026-08-18,6805,富世達,700000.0,0.79
00403A,2026-08-18,3533,嘉澤,610000.0,0.57
00403A,2026-08-18,3450,聯鈞,1600000.0,0.53
00403A,2026-08-18,7769,鴻勁,130000.0,0.49
00403A,2026-08-18,2317,鴻海,3200000.0,0.46
00403A,2026-08-18,3211,順達,2000000.0,0.44
00403A,2026-08-18,1560,中砂,1050000.0,0.43
00403A,2026-08-18,2337,旺宏,6000000.0,0.42
00403A,2026-08-18,3583,辛耘,800000.0,0.32
00403A,2026-08-18,6442,光聖,225000.0,0.2
00403A,2026-08-18,8358,金居,800000.0,0.19
00403A,2026-08-18,2059,川湖,20000.0,0.17
00403A,2026-08-18,4966,譜瑞-KY,500000.0,0.16
00403A,2026-08-18,2404,漢唐,250000.0,0.16
00403A,2026-08-18,4958,臻鼎-KY,500000.0,0.14
00403A,2026-08-18,2481,強茂,1500000.0,0.12
00403A,2026-08-18,1717,長興,2500000.0,0.1
00403A,2026-08-18,3264,欣銓,700000.0,0.08
00403A,2026-08-18,6285,啟碁,350000.0,0.05
00403A,2026-08-18,2455,全新,200000.0,0.05
00403A,2026-08-18,8299,群聯,1000.0,0.0
00403A,2026-08-18,6196,帆宣,1000.0,0.0
00403A,2026-08-18,2049,上銀,1000.0,0.0
00403A,2026-08-18,5347,世界,1000.0,0.0
00403A,2026-08-19,2330,台積電,12000000.0,16.56
00403A,2026-08-19,2383,台光電,1690000.0,5.84
00403A,2026-08-19,3037,欣興,8460000.0,5.61
00403A,2026-08-19,3017,奇鋐,3000000.0,5.45
00403A,2026-08-19,2454,聯發科,2110000.0,4.76
00403A,2026-08-19,2303,聯電,70000000.0,4.75
00403A,2026-08-19,3653,健策,1080000.0,3.46
00403A,2026-08-19,2327,國巨*,9785000.0,3.31
00403A,2026-08-19,6223,旺矽,1060000.0,3.27
00403A,2026-08-19,2308,台達電,3040000.0,3.15
00403A,2026-08-19,2345,智邦,2307000.0,2.88
00403A,2026-08-19,3711,日月光投控,8000000.0,2.76
00403A,2026-08-19,6669,緯穎,610000.0,2.28
00403A,2026-08-19,3189,景碩,4250000.0,2.12
00403A,2026-08-19,3008,大立光,626000.0,2.04
00403A,2026-08-19,8046,南電,2640000.0,1.83
00403A,2026-08-19,2344,華邦電,18000000.0,1.78
00403A,2026-08-19,5274,信驊,179500.0,1.67
00403A,2026-08-19,6488,環球晶,2800000.0,1.62
00403A,2026-08-19,3443,創意,510000.0,1.59
00403A,2026-08-19,3665,貿聯-KY,1200000.0,1.55
00403A,2026-08-19,6274,台燿,1680000.0,1.48
00403A,2026-08-19,2360,致茂,1000000.0,1.25
00403A,2026-08-19,8996,高力,1600000.0,1.07
00403A,2026-08-19,1303,南亞,9000000.0,0.99
00403A,2026-08-19,6239,力成,5360000.0,0.83
00403A,2026-08-19,6805,富世達,700000.0,0.74
00403A,2026-08-19,3450,聯鈞,1800000.0,0.6
00403A,2026-08-19,3533,嘉澤,525000.0,0.5
00403A,2026-08-19,7769,鴻勁,130000.0,0.49
00403A,2026-08-19,2317,鴻海,3200000.0,0.46
00403A,2026-08-19,3211,順達,2000000.0,0.43
00403A,2026-08-19,2337,旺宏,6000000.0,0.42
00403A,2026-08-19,3583,辛耘,800000.0,0.33
00403A,2026-08-19,1560,中砂,700000.0,0.29
00403A,2026-08-19,6442,光聖,225000.0,0.2
00403A,2026-08-19,8358,金居,800000.0,0.19
00403A,2026-08-19,2059,川湖,20000.0,0.17
00403A,2026-08-19,4966,譜瑞-KY,500000.0,0.17
00403A,2026-08-19,2404,漢唐,250000.0,0.16
00403A,2026-08-19,4958,臻鼎-KY,500000.0,0.13
00403A,2026-08-19,2481,強茂,1500000.0,0.12
00403A,2026-08-19,1717,長興,2500000.0,0.1
00403A,2026-08-19,3264,欣銓,700000.0,0.08
00403A,2026-08-19,6285,啟碁,350000.0,0.05
00403A,2026-08-19,2455,全新,200000.0,0.05
00403A,2026-08-19,8299,群聯,1000.0,0.0
00403A,2026-08-19,6196,帆宣,1000.0,0.0
00403A,2026-08-19,2049,上銀,1000.0,0.0
00403A,2026-08-19,5347,世界,1000.0,0.0
00403A,2026-08-20,2330,台積電,12000000.0,16.66
00403A,2026-08-20,2383,台光電,1690000.0,5.91
00403A,2026-08-20,3037,欣興,8460000.0,5.64
00403A,2026-08-20,3017,奇鋐,3000000.0,5.23
00403A,2026-08-20,2454,聯發科,2110000.0,4.56
00403A,2026-08-20,2303,聯電,60000000.0,4.05
00403A,2026-08-20,6223,旺矽,1100000.0,3.63
00403A,2026-08-20,3653,健策,1080000.0,3.54
00403A,2026-08-20,2327,國巨*,9785000.0,3.21
00403A,2026-08-20,2308,台達電,3040000.0,3.1
00403A,2026-08-20,2345,智邦,2307000.0,2.84
00403A,2026-08-20,3711,日月光投控,8000000.0,2.76
00403A,2026-08-20,6669,緯穎,610000.0,2.26
00403A,2026-08-20,3189,景碩,4250000.0,2.11
00403A,2026-08-20,3008,大立光,626000.0,2.02
00403A,2026-08-20,8046,南電,2640000.0,1.84
00403A,2026-08-20,3443,創意,550000.0,1.81
00403A,2026-08-20,5274,信驊,179500.0,1.65
00403A,2026-08-20,6488,環球晶,2800000.0,1.63
00403A,2026-08-20,3665,貿聯-KY,1200000.0,1.58
00403A,2026-08-20,6274,台燿,1680000.0,1.55
00403A,2026-08-20,2344,華邦電,15000000.0,1.55
00403A,2026-08-20,2360,致茂,1000000.0,1.25
00403A,2026-08-20,8996,高力,1600000.0,1.06
00403A,2026-08-20,1303,南亞,9000000.0,0.98
00403A,2026-08-20,6239,力成,5360000.0,0.84
00403A,2026-08-20,6805,富世達,700000.0,0.76
00403A,2026-08-20,3450,聯鈞,1800000.0,0.58
00403A,2026-08-20,3533,嘉澤,525000.0,0.49
00403A,2026-08-20,7769,鴻勁,130000.0,0.49
00403A,2026-08-20,2317,鴻海,3200000.0,0.46
00403A,2026-08-20,3211,順達,2000000.0,0.42
00403A,2026-08-20,3583,辛耘,800000.0,0.33
00403A,2026-08-20,2337,旺宏,4500000.0,0.32
00403A,2026-08-20,6442,光聖,225000.0,0.2
00403A,2026-08-20,8358,金居,800000.0,0.19
00403A,2026-08-20,4966,譜瑞-KY,500000.0,0.17
00403A,2026-08-20,1560,中砂,393000.0,0.16
00403A,2026-08-20,2059,川湖,20000.0,0.16
00403A,2026-08-20,2404,漢唐,250000.0,0.16
00403A,2026-08-20,4958,臻鼎-KY,500000.0,0.14
00403A,2026-08-20,1717,長興,2500000.0,0.1
00403A,2026-08-20,3264,欣銓,700000.0,0.09
00403A,2026-08-20,2481,強茂,700000.0,0.06
00403A,2026-08-20,6285,啟碁,350000.0,0.05
00403A,2026-08-20,2455,全新,200000.0,0.05
00403A,2026-08-20,8299,群聯,1000.0,0.0
00403A,2026-08-20,6196,帆宣,1000.0,0.0
00403A,2026-08-20,2049,上銀,1000.0,0.0
00403A,2026-08-20,5347,世界,1000.0,0.0
00403A,2026-08-21,2330,台積電,12000000.0,17.12
00403A,2026-08-21,2383,台光電,1690000.0,5.68
00403A,2026-08-21,3037,欣興,8460000.0,5.43
00403A,2026-08-21,3017,奇鋐,3000000.0,5.09
00403A,2026-08-21,2454,聯發科,2110000.0,4.73
00403A,2026-08-21,2303,聯電,60000000.0,4.14
00403A,2026-08-21,6223,旺矽,1100000.0,3.56
00403A,2026-08-21,3653,健策,1080000.0,3.45
00403A,2026-08-21,2327,國巨*,9785000.0,3.21
00403A,2026-08-21,2308,台達電,3040000.0,3.15
00403A,2026-08-21,2345,智邦,2307000.0,2.78
00403A,2026-08-21,3711,日月光投控,8000000.0,2.78
00403A,2026-08-21,6669,緯穎,610000.0,2.26
00403A,2026-08-21,3008,大立光,626000.0,2.08
00403A,2026-08-21,3189,景碩,4250000.0,2.04
00403A,2026-08-21,3443,創意,610000.0,2.02
00403A,2026-08-21,8046,南電,2640000.0,1.77
00403A,2026-08-21,5274,信驊,179500.0,1.63
00403A,2026-08-21,3665,貿聯-KY,1200000.0,1.62
00403A,2026-08-21,2344,華邦電,15000000.0,1.61
00403A,2026-08-21,6274,台燿,1800000.0,1.59
00403A,2026-08-21,6488,環球晶,2800000.0,1.56
00403A,2026-08-21,2360,致茂,1000000.0,1.24
00403A,2026-08-21,8996,高力,1600000.0,1.03
00403A,2026-08-21,1303,南亞,9000000.0,1.02
00403A,2026-08-21,6239,力成,5360000.0,0.85
00403A,2026-08-21,6805,富世達,700000.0,0.73
00403A,2026-08-21,3450,聯鈞,1800000.0,0.59
00403A,2026-08-21,3533,嘉澤,525000.0,0.5
00403A,2026-08-21,7769,鴻勁,130000.0,0.49
00403A,2026-08-21,2317,鴻海,3200000.0,0.46
00403A,2026-08-21,3211,順達,2000000.0,0.41
00403A,2026-08-21,2337,旺宏,4500000.0,0.33
00403A,2026-08-21,3583,辛耘,800000.0,0.33
00403A,2026-08-21,8358,金居,800000.0,0.21
00403A,2026-08-21,6442,光聖,225000.0,0.2
00403A,2026-08-21,4966,譜瑞-KY,500000.0,0.17
00403A,2026-08-21,1560,中砂,393000.0,0.16
00403A,2026-08-21,2059,川湖,20000.0,0.16
00403A,2026-08-21,2404,漢唐,250000.0,0.16
00403A,2026-08-21,4958,臻鼎-KY,500000.0,0.13
00403A,2026-08-21,1717,長興,2500000.0,0.11
00403A,2026-08-21,3264,欣銓,700000.0,0.08
00403A,2026-08-21,6285,啟碁,350000.0,0.05
00403A,2026-08-21,2455,全新,200000.0,0.05
00403A,2026-08-21,8299,群聯,1000.0,0.0
00403A,2026-08-21,6196,帆宣,1000.0,0.0
00403A,2026-08-21,2049,上銀,1000.0,0.0
00403A,2026-08-21,5347,世界,1000.0,0.0
00403A,2026-08-21,2481,強茂,1000.0,0.0
00403A,2026-08-24,2330,台積電,12000000.0,17.19
00403A,2026-08-24,2383,台光電,1690000.0,5.53
00403A,2026-08-24,3037,欣興,8460000.0,5.49
00403A,2026-08-24,3017,奇鋐,3000000.0,5.17
00403A,2026-08-24,2454,聯發科,2110000.0,4.79
00403A,2026-08-24,2303,聯電,60000000.0,4.47
00403A,2026-08-24,6223,旺矽,1100000.0,3.69
00403A,2026-08-24,3653,健策,1080000.0,3.36
00403A,2026-08-24,2327,國巨*,9785000.0,3.25
00403A,2026-08-24,2308,台達電,3040000.0,3.18
00403A,2026-08-24,2345,智邦,2307000.0,2.88
00403A,2026-08-24,3711,日月光投控,8000000.0,2.86
00403A,2026-08-24,6669,緯穎,610000.0,2.32
00403A,2026-08-24,3189,景碩,4250000.0,2.04
00403A,2026-08-24,3008,大立光,626000.0,2.03
00403A,2026-08-24,3443,創意,610000.0,1.97
00403A,2026-08-24,8046,南電,2640000.0,1.81
00403A,2026-08-24,6488,環球晶,2800000.0,1.71
00403A,2026-08-24,5274,信驊,179500.0,1.64
00403A,2026-08-24,2344,華邦電,15000000.0,1.6
00403A,2026-08-24,6274,台燿,1800000.0,1.58
00403A,2026-08-24,3665,貿聯-KY,1200000.0,1.48
00403A,2026-08-24,2360,致茂,1000000.0,1.25
00403A,2026-08-24,8996,高力,1600000.0,1.1
00403A,2026-08-24,1303,南亞,9000000.0,0.98
00403A,2026-08-24,6239,力成,5360000.0,0.87
00403A,2026-08-24,6805,富世達,700000.0,0.72
00403A,2026-08-24,3450,聯鈞,1800000.0,0.55
00403A,2026-08-24,3533,嘉澤,525000.0,0.51
00403A,2026-08-24,7769,鴻勁,130000.0,0.49
00403A,2026-08-24,2317,鴻海,3200000.0,0.47
00403A,2026-08-24,3211,順達,2000000.0,0.39
00403A,2026-08-24,2337,旺宏,4500000.0,0.34
00403A,2026-08-24,3583,辛耘,800000.0,0.33
00403A,2026-08-24,2059,川湖,35000.0,0.3
00403A,2026-08-24,6442,光聖,225000.0,0.2
00403A,2026-08-24,8358,金居,800000.0,0.2
00403A,2026-08-24,4966,譜瑞-KY,500000.0,0.17
00403A,2026-08-24,1560,中砂,393000.0,0.16
00403A,2026-08-24,2404,漢唐,250000.0,0.16
00403A,2026-08-24,4958,臻鼎-KY,500000.0,0.13
00403A,2026-08-24,1717,長興,2500000.0,0.11
00403A,2026-08-24,3264,欣銓,700000.0,0.09
00403A,2026-08-24,6285,啟碁,350000.0,0.05
00403A,2026-08-24,2455,全新,200000.0,0.05
00403A,2026-08-24,8299,群聯,1000.0,0.0
00403A,2026-08-24,6196,帆宣,1000.0,0.0
00403A,2026-08-24,2049,上銀,1000.0,0.0
00403A,2026-08-24,5347,世界,1000.0,0.0
00403A,2026-08-24,2481,強茂,1000.0,0.0
00403A,2026-08-25,2330,台積電,12000000.0,17.14
00403A,2026-08-25,2383,台光電,1690000.0,5.63
00403A,2026-08-25,3037,欣興,8460000.0,5.51
00403A,2026-08-25,3017,奇鋐,3100000.0,5.44
00403A,2026-08-25,2454,聯發科,2110000.0,4.69
00403A,2026-08-25,2303,聯電,60000000.0,4.46
00403A,2026-08-25,6223,旺矽,1100000.0,3.67
00403A,2026-08-25,3653,健策,1080000.0,3.34
00403A,2026-08-25,2327,國巨*,9785000.0,3.17
00403A,2026-08-25,2308,台達電,3040000.0,3.09
00403A,2026-08-25,3711,日月光投控,8000000.0,2.81
00403A,2026-08-25,2345,智邦,2307000.0,2.79
00403A,2026-08-25,6669,緯穎,630000.0,2.41
00403A,2026-08-25,3008,大立光,626000.0,2.13
00403A,2026-08-25,3189,景碩,4250000.0,2.11
00403A,2026-08-25,3443,創意,610000.0,2.02
00403A,2026-08-25,8046,南電,2640000.0,1.82
00403A,2026-08-25,5274,信驊,179500.0,1.64
00403A,2026-08-25,6488,環球晶,2800000.0,1.63
00403A,2026-08-25,2344,華邦電,15000000.0,1.6
00403A,2026-08-25,6274,台燿,1800000.0,1.59
00403A,2026-08-25,3665,貿聯-KY,1200000.0,1.48
00403A,2026-08-25,8996,高力,1720000.0,1.24
00403A,2026-08-25,2360,致茂,1000000.0,1.17
00403A,2026-08-25,1303,南亞,10000000.0,1.12
00403A,2026-08-25,6239,力成,5360000.0,0.87
00403A,2026-08-25,6805,富世達,780000.0,0.86
00403A,2026-08-25,7769,鴻勁,130000.0,0.48
00403A,2026-08-25,2317,鴻海,3200000.0,0.46
00403A,2026-08-25,3211,順達,2000000.0,0.39
00403A,2026-08-25,2337,旺宏,4500000.0,0.33
00403A,2026-08-25,3583,辛耘,800000.0,0.33
00403A,2026-08-25,2059,川湖,35000.0,0.3
00403A,2026-08-25,3533,嘉澤,300000.0,0.29
00403A,2026-08-25,6442,光聖,225000.0,0.21
00403A,2026-08-25,8358,金居,800000.0,0.2
00403A,2026-08-25,1560,中砂,393000.0,0.16
00403A,2026-08-25,2404,漢唐,250000.0,0.16
00403A,2026-08-25,4958,臻鼎-KY,500000.0,0.13
00403A,2026-08-25,3450,聯鈞,400000.0,0.13
00403A,2026-08-25,1717,長興,2500000.0,0.11
00403A,2026-08-25,3264,欣銓,700000.0,0.09
00403A,2026-08-25,4966,譜瑞-KY,220000.0,0.07
00403A,2026-08-25,6285,啟碁,350000.0,0.05
00403A,2026-08-25,2455,全新,200000.0,0.05
00403A,2026-08-25,8299,群聯,1000.0,0.0
00403A,2026-08-25,6196,帆宣,1000.0,0.0
00403A,2026-08-25,2049,上銀,1000.0,0.0
00403A,2026-08-25,5347,世界,1000.0,0.0
00403A,2026-08-25,2481,強茂,1000.0,0.0
00403A,2026-08-26,2330,台積電,12000000.0,16.87
00403A,2026-08-26,2383,台光電,1690000.0,5.8
00403A,2026-08-26,3017,奇鋐,3150000.0,5.79
00403A,2026-08-26,3037,欣興,8460000.0,5.71
00403A,2026-08-26,2454,聯發科,2110000.0,4.85
00403A,2026-08-26,2303,聯電,60000000.0,4.31
00403A,2026-08-26,3653,健策,1087000.0,3.62
00403A,2026-08-26,6223,旺矽,1100000.0,3.23
00403A,2026-08-26,2327,國巨*,9785000.0,3.06
00403A,2026-08-26,2308,台達電,2880000.0,2.93
00403A,2026-08-26,2345,智邦,2307000.0,2.76
00403A,2026-08-26,3711,日月光投控,8000000.0,2.76
00403A,2026-08-26,6669,緯穎,660000.0,2.61
00403A,2026-08-26,3189,景碩,4550000.0,2.33
00403A,2026-08-26,3008,大立光,626000.0,2.29
00403A,2026-08-26,3443,創意,621000.0,2.21
00403A,2026-08-26,8046,南電,2640000.0,1.81
00403A,2026-08-26,6274,台燿,1900000.0,1.69
00403A,2026-08-26,5274,信驊,179500.0,1.64
00403A,2026-08-26,2344,華邦電,15000000.0,1.58
00403A,2026-08-26,6488,環球晶,2800000.0,1.55
00403A,2026-08-26,3665,貿聯-KY,1200000.0,1.4
00403A,2026-08-26,1303,南亞,10358000.0,1.25
00403A,2026-08-26,8996,高力,1737000.0,1.21
00403A,2026-08-26,2360,致茂,1000000.0,1.15
00403A,2026-08-26,6805,富世達,866000.0,1.02
00403A,2026-08-26,6239,力成,5360000.0,0.89
00403A,2026-08-26,7769,鴻勁,130000.0,0.48
00403A,2026-08-26,2317,鴻海,3200000.0,0.46
00403A,2026-08-26,3211,順達,2000000.0,0.42
00403A,2026-08-26,3583,辛耘,800000.0,0.35
00403A,2026-08-26,2337,旺宏,4500000.0,0.33
00403A,2026-08-26,2059,川湖,35000.0,0.3
00403A,2026-08-26,3533,嘉澤,250000.0,0.24
00403A,2026-08-26,6442,光聖,225000.0,0.21
00403A,2026-08-26,8358,金居,800000.0,0.21
00403A,2026-08-26,1560,中砂,393000.0,0.16
00403A,2026-08-26,2404,漢唐,250000.0,0.16
00403A,2026-08-26,4958,臻鼎-KY,500000.0,0.13
00403A,2026-08-26,3450,聯鈞,400000.0,0.13
00403A,2026-08-26,1717,長興,2500000.0,0.1
00403A,2026-08-26,3264,欣銓,700000.0,0.09
00403A,2026-08-26,4966,譜瑞-KY,220000.0,0.07
00403A,2026-08-26,6285,啟碁,350000.0,0.05
00403A,2026-08-26,2455,全新,200000.0,0.05
00403A,2026-08-26,8299,群聯,1000.0,0.0
00403A,2026-08-26,6196,帆宣,1000.0,0.0
00403A,2026-08-26,2049,上銀,1000.0,0.0
00403A,2026-08-26,5347,世界,1000.0,0.0
00403A,2026-08-26,2481,強茂,1000.0,0.0
